country,vat_type,category_id,rate_type,rate_value,comment
AT,REDUCED,FOODSTUFFS,REDUCED_RATE,10.0,"Annex 1 to Sec. 10 of the Austrian VAT Act 1994 contains a list of goods falling under the reduced rate of 10% such as meal, fish, cereals, edible vegetable oils and so on (https://www.ris.bka.gv.at/NormDokument.wxe?Abfrage=Bundesnormen&Gesetzesnummer=10004873&Artikel=&Paragraf=&Anlage=1&Uebergangsrecht=)."
AT,REDUCED,SUPPLY_WATER,REDUCED_RATE,10.0,
AT,REDUCED,FOODSTUFFS,SUPER_REDUCED_RATE,4.9,"From July 1, 2026, the tax rate of 4.9% applies to the foodstuffs listed in Annex 3 to Sec. 10 of the Austrian VAT Act 1994. Please note, among other things, that the reduced tax rate of 10% continues to apply to CN subheadings 0703 1011, 0709 5400, 0709 5500, and 0709 5600."
AT,REDUCED,LOAN_LIBRARIES,REDUCED_RATE,10.0,
AT,REDUCED,NEWSPAPERS,REDUCED_RATE,10.0,
AT,REDUCED,PERIODICALS,REDUCED_RATE,10.0,
AT,REDUCED,STREET_CLEANING,REDUCED_RATE,10.0,
AT,REDUCED,ACCOMMODATION,REDUCED_RATE,10.0,
AT,REDUCED,RESTAURANT,REDUCED_RATE,10.0,
AT,REDUCED,LOAN_LIBRARIES,REDUCED_RATE,10.0,
AT,REDUCED,BROADCASTING_SERVICES,REDUCED_RATE,10.0,
AT,REDUCED,SOCIAL_WELLBEING,REDUCED_RATE,10.0,if not exempted (for information about the type of organisations falling under the exemption please see Sec. 6 of the Austrian VAT Act 1994)
AT,REDUCED,CLOTHING_REPAIR,REDUCED_RATE,10.0,
AT,REDUCED,SHOES_REPAIR,REDUCED_RATE,10.0,
AT,REDUCED,FOODSTUFFS,REDUCED_RATE,13.0,"Annex 2 to Sec. 10 of the Austrian VAT Act 1994 contains a list of goods falling under the reduced rate of 13% such as life-stock, living plants (https://www.ris.bka.gv.at/NormDokument.wxe?Abfrage=Bundesnormen&Gesetzesnummer=10004873&FassungVom=2016-01-01&Artikel=&Paragraf=&Anlage=2&Uebergangsrecht=)."
AT,REDUCED,AGRICULTURAL_PRODUCTION,REDUCED_RATE,13.0,"Annex 2 to Sec. 10 of the Austrian VAT Act 1994 contains a list of goods falling under the reduced rate of 13% such as life-stock, living plants (https://www.ris.bka.gv.at/NormDokument.wxe?Abfrage=Bundesnormen&Gesetzesnummer=10004873&FassungVom=2016-01-01&Artikel=&Paragraf=&Anlage=2&Uebergangsrecht=).

For legal certainty please see the Austrian VAT Act 1994 (https://www.ris.bka.gv.at)."
AT,REDUCED,TAPESTRIES,REDUCED_RATE,13.0,
AT,REDUCED,PICTURES,REDUCED_RATE,13.0,
AT,REDUCED,IMPRESSIONS,REDUCED_RATE,13.0,
AT,REDUCED,SCULPTURES,REDUCED_RATE,13.0,
AT,REDUCED,ZOOLOGICAL,REDUCED_RATE,13.0,Import only
AT,REDUCED,100_YEARS_OLD,REDUCED_RATE,13.0,Import only
AT,REDUCED,TRANSPORT_PASSENGERS,REDUCED_RATE,13.0,domestic transport of passengers by aircrafts
AT,REDUCED,WRITERS_SERVICES,REDUCED_RATE,13.0,
AT,REDUCED,CULTURAL_EVENTS,REDUCED_RATE,13.0,"if not exempted: theaters, concerts, museums, zoos or botanical gardens"
AT,REDUCED,SPORTING_EVENTS,REDUCED_RATE,13.0,
AT,REDUCED,REGION,REDUCED_RATE,19.0,"Jungholz, Mittelberg"
AT,REDUCED,PHARMACEUTICAL_PRODUCTS,EXEMPTED,0.0,"From January 1, 2026, the supply of chemical, hormonal and mechanical contraceptives and of all kinds of feminine hygiene products are zero tax rated.

Please notice that until December 31, 2025, all kinds of feminine hygiene products were subject to a reduced tax rate of 10% and the standard tax rate of 20% was applied to contraceptives."
AT,REDUCED,SOLAR_PANELS,EXEMPTED,0.0,"From January 1, 2024, to March 30, 2025, the supply, the intra-community acquisition, the import and the installation of photovoltaic modules were zero tax rated (https://www.bmf.gv.at/themen/steuern/fuer-unternehmen/umsatzsteuer/informationen)."
AT,REDUCED,TRANSPORT_PASSENGERS,EXEMPTED,0.0,The Austrian section of the journey in cross-border rail passenger transport is zero tax rated.
AT,REDUCED,FOODSTUFFS,EXEMPTED,0.0,"From August 1, 2024, donations for charitable purposes of  food listed in Annex 1 to Sec. 10 of the Austrian VAT Act 1994, concerning CN Codes please see above"
BE,REDUCED,FOODSTUFFS,REDUCED_RATE,6.0,"Royal Decree N° 20, Table A, cat. X, excluded beers with an actual alcoholic strength by volume > 0.5% vol. and other drinks with an actual alcoholic strength by volume > 1.2% vol. 
The reduced rate only applies for: 
- certain products not classified as beverages within the meaning of the exc. in 1302 1100 up to and including 1302 1970 
- pectic substances for the manufacture of jams and jellies in 1302 2010 15, 1302 2010 69, 1302 2010 79, 1302 2090 20, 1302 2090 69, 1302 2090 99"
BE,REDUCED,PLANT,REDUCED_RATE,6.0,"Royal Decree N° 20, Table A, category VII, 11°, 12°, 13°, 14°, 15° - Live plants and other floricultural products, including bulbs, roots and the like, cut flowers and cut foliage (*1, see EXTRA INFO) also when supplied for the designing and the maintenance of gardens; wood"
BE,REDUCED,FOODSTUFFS,REDUCED_RATE,6.0,"Royal Decree N° 20, Table A, cat. X (…)

The reduced rate only applies for:
- pollen, used excl. for food and other products other than beverages for oral human consumption in 1404 9000
- other beverages than in the exc. in 21
- goods not offered for sale as food for dogs, cats, caged birds such as parrots and songbirds, for aquarium fish, for hamsters, guinea pigs and other small pets in 21
- in the form of crystals (grape sugar or grape honey) in 2204 3092 and 2204 3096"
BE,REDUCED,FOODSTUFFS,REDUCED_RATE,6.0,"Royal Decree N° 20, Table A, category IX, 

The reduced rate does not apply for:
- 1516 2010
- margarine in 1517 (12%)
- 1518 0010 - 1518 0091 - 1518 0099
- 1522 0099"
BE,REDUCED,FOODSTUFFS,REDUCED_RATE,6.0,"Royal Decree N° 20, Table A, category I and II  
The reduced rate only applies to 
- draught horses, heavy and medium weight in 0101 2100, 0101 2990
- deers in 0106 1900
- domestic pigeons in 0106 3910
- animal blood whether or not dried in 0511 9985"
BE,REDUCED,FOODSTUFFS,REDUCED_RATE,6.0,"Royal Decree N° 20, Table A, category III fish, crustaceans, shellfish and mollusks for human consumption, excepted:  
- other than fish, crustaceans and mollusks for human consumption 0308
- meat extracts and juices 1603 00
- caviar 1604 3100
- caviar substitutes 1604 3200"
BE,REDUCED,FOODSTUFFS,REDUCED_RATE,6.0,"Royal Decree N° 20, Table A, category III fish, crustaceans, shellfish and mollusks for human consumption, excepted:
- crabs, crawfish, lobsters of the Homarus species, crayfish and oysters, boiled only in water, chilled, frozen, dried, salted or in brine; and preparations and preserves of crabs, crawfish, lobsters of the Homarus species, crayfish and oysters, in their shell, whole or in part in 1605 3010, 1605 3090, 1605 1000, 1605 5100, 1605 4000 30, 1605 4000 4, 1605 4000 70, 1605 5900"
BE,REDUCED,FOODSTUFFS,EXEMPTED,0.0,"Article 44, § 2, 1ter of the Belgian VAT Code for the supply of breast milk

The exemption only applies to breast milk in 0401 1010-0401 2099, 0402 1011, 0402 1019, 0402 2111, 0402 2118, 0402 9110-0402 9199"
BE,REDUCED,PHARMACEUTICAL_PRODUCTS,EXEMPTED,0.0,"Article 44, § 2, 1ter of the Belgian VAT Code for the supply of human organs and human blood"
BE,REDUCED,LOAN_LIBRARIES,EXEMPTED,0.0,"Exemption with deduction right - Newspapers and some periodical publications under the conditions provided for in Royal Decree N° 20, Table C, category I  (on paper and digital) and that do not fall under the mentioned exceptions
The reduced rate only applies for those goods in 4902"
BE,REDUCED,LOAN_LIBRARIES,EXEMPTED,0.0,"Article 44, § 3, 12° of the Belgian VAT Code, article 44, § 3, 9° of the Belgian VAT Code and article 44, § 3, 10° of the Belgian VAT Code

The exemptions respectively only applies to:
- deliveries, at face value, of postage stamps with a franking value within the country, fiscal stamps and other similar stamps in 4907 0010
- which are legal tender in the issuing country at the time of importation in 4907 0030
- securities in 4907 0090 
in the context above"
BE,REDUCED,TRANSPORT_PASSENGERS,EXEMPTED,0.0,"Sea passenger transport, international air passenger transport, transport of luggage and cars accompanied by passengers during sea passenger transport and international air passenger transport - Article 41, § 1, 1° of the Belgian VAT Code"
BE,REDUCED,WRITERS_SERVICES,EXEMPTED,0.0,"Article 44, § 3, 3° of the Belgian VAT Code. The VAT exemption only applies to publishing agreement of literary and artistic works concluded by authors and performers."
BE,REDUCED,WRITERS_SERVICES,EXEMPTED,0.0,"Performing artists exempted if their services are rendered directly to the organisors according to article 44, §2, 8° of the Belgian VAT Code. The exemption only applies to:
- artists (actors, conductors, musicians and other artists for the performance of theatrical, choreographic, cinematographic or musical works or those of circus shows,music halls or artistic cabaret)
- speakers in meeting on educational topics for the participants
- sport professionals."
BE,REDUCED,MEDICAL_CARE,EXEMPTED,0.0,"The exemption is applicable under the conditions as set out in article 44, § 1 and § 2, 1°, of the Belgian VAT Code"
BE,REDUCED,TRANSPORT_PASSENGERS,EXEMPTED,0.0,"The transport of sick or injured persons with specially equipped means of transport - Article 44, § 2, 1°, b), of the Belgian VAT Code"
BE,REDUCED,CULTURAL_EVENTS,EXEMPTED,0.0,"Institutions who are recognised by the government and whose revenues are only used to cover their operational costs according to article 44, § 2, 7° and 9° of the Belgian VAT Code

The exemption only applies to 90.02.11, 90.04, 91.02.10, 91.03.10, 91.04.11 in that context."
BE,REDUCED,LOAN_LIBRARIES,EXEMPTED,0.0,"Books on loan by libraries (non-profit making organisations) - Article 44, § 2, 6° of the Belgian VAT Code"
BE,REDUCED,SPORTING_EVENTS,EXEMPTED,0.0,"Services provided by institutions not systemically aiming to make a profit and assigning revenues are only used to cover operational expenses according to article 44, § 2, 3° of the Belgian VAT Code. The VAT exemption only applies to the codes 93.11 and 93.12 if the latter conditions are met"
BE,REDUCED,NEW_PARKING_RATE,PARKING_RATE,12.0,Tyres and inner tubes for wheels of agricultural machinery and tractors excluding tyres and inner tubes for wheels of forestry tractors and motor cultivators.
BE,REDUCED,MEDICAL_EQUIPMENT,REDUCED_RATE,6.0,"Royal Decree N° 20, Table A, category  XXIII, N° 9 
The reduced rate only applies for:
- 0106 1900 if assistance dogs that assist persons with disabilities or illness and are trained in an assistance dog school recognized by the competent authority and equipment specially designed for service dogs
- 4201 0000 equipment specially designed for those dogs"
BE,REDUCED,FOODSTUFFS,REDUCED_RATE,6.0,"Royal Decree N° 20, Table A, category III fish, crustaceans, shellfish and mollusks for human consumption, excepted:
-ornamental fish in 0301 11, 0301 19
-crawfish 0306 11, 0306 31, 0306 91, lobsters 0306 12, 0306 32, 0306 92, crabs 0306 14, 0306 33, 0306 93, crayfish 0306 19 10, 0306 39 10, 0306 99 10 and oysters 0307 11, 0307 12, 0307 19, fresh (both live and dead), cooked in water, chilled, frozen, dried, salted, in brine, whether or not shelled or scalloped"
BE,REDUCED,FOODSTUFFS,REDUCED_RATE,6.0,"Royal Decree N° 20, Table A, category IV, V, VI, VII, excepted:
- breast milk 
- less than 85% standardized or skimmed milk in 0403 9091- 0403 9099
- jam, fruit jelly, marmalade etc. in 2007
- unfermented fruit and vegetable juices in 2009
- goods offered for sale as food for dogs, cats, caged birds such as parrots and songbirds, for aquarium fish, for hamsters, guinea pigs and other small pets in 1001 1900, 1001 9900, 1002 9000, 1003 9000, 1004 9000, 1005 9000, 1006 1030-1006 4000, ..."
BE,REDUCED,AGRICULTURAL_PRODUCTION,REDUCED_RATE,6.0,"Royal Decree n° 20, Table A, category XII:
- 8° fertilizers: the reduced rate only applies for: containing more than 0.01% iron by weight in 2835 2500; fertilizers in 31
- 9° animal products used for reproduction in 0511 1000, 0511 9190, 0511 9985"
BE,REDUCED,FOODSTUFFS,REDUCED_RATE,6.0,"Royal Decree N° 20, Table A, category XII, the reduced rate only applies to food for animals and goods not offered for sale as food for dogs, cats, caged birds such as parrots and songbirds, for aquarium fish, for hamsters, guinea pigs and other small pets.
The reduced rate applies to agricultural salt - Royal Decree of 10 Sept 1987 in 2501 0099
(The Royal Decree of 8 Feb 1999 for substances intended for animal food)"
BE,REDUCED,FOODSTUFFS,REDUCED_RATE,6.0,"Royal Decree N° 20, Table A, category IV, V, VI, VII, excepted: 
- goods offered for sale as food for dogs, cats, caged birds (…) in 1007 9000, 1008 1000, 1008 2900-1008 9000, 1201 9000, 1202 4100-1203 0000, 1204 0090, 1205 1090, 1205 9000, 1206 0091, 1206 0099, 1207 1000, 1207 2900, 1207 3000, 1207 4090, 1207 5090, 1207 6000, 1207 7000, 1207 9190, 1207 9991-1209 2980, 1209 9130, 1209 9180, 1209 9999-1210 2090, 1212 9120, 1212 9200-1214 9090"
BE,REDUCED,FOODSTUFFS,REDUCED_RATE,6.0,"Royal Decree N° 20, Table A, category VIII

The reduced rate only applies to :
- goods that are not offered for sale as dog food, cats, caged birds such as parrots and songbirds, for aquarium fish, for hamsters, guinea pigs, and other small pets: 1101 0011 - 1107 2000
- other than goods offered for sale as starch:1108 1100-1108 1990
- inulin for human consumption :1108 2000
- wheat gluten for human consumption: 1109"
BE,REDUCED,AGRICULTURAL_PRODUCTION,REDUCED_RATE,6.0,"Royal Decree N° 20, Table A, category VII, 7°
Plants and parts of plants, seeds and fruits, of a kind used primarily in perfumery, in pharmacy or for insecticidal, fungicidal or similar purposes"
BE,REDUCED,PHARMACEUTICAL_PRODUCTS,REDUCED_RATE,6.0,"Royal Decree N° 20, Table A, category XVII
The reduced rate only applies to:
- blood and platelets, plasma and white and red blood cells intended for administration to humans or animals for therapeutic or prophylactic use: 3002 1200, 3002 1900, 3002 9030, 3002 9090
- blood plasma intended for transfusions: 3002 1200, 3002 1900
- other than for establishing an in vitro diagnosis: 3002 9030"
BE,REDUCED,PHARMACEUTICAL_PRODUCTS,REDUCED_RATE,6.0,"Royal Decree N° 20, Table A, category XVII
The reduced rates only applies to: -medicinal products registered as medicines/medicinal product  according to the Belgian law: 3002 1200, 3002 1900, 3002 1300, 3002 1400, 3002 1500, 3002 2000, 3002 3000, 3006 3000, 3006 7000, 3824 9958, 3002 9030, 3002 9050, 3002 9090, 3004, 3006 6000"
BE,REDUCED,MEDICAL_EQUIPMENT,REDUCED_RATE,6.0,"Royal Decree N° 20, Table A, category  XXIII, N° 11 - external defibrillators (ED)

The reduce rates only apply for: 
- batteries intended for ED: 8506 5090 90, 8507 6000 90
- specific software and specific data storage card + Remotes for ED: 
8523 5110, 8523 5190, 8543 7090
- ED: 9018 9084
- first aid or intervention kits linked to the use of the external defibrillator 9019 2000
- cabinets specially designed for the storage of ED: 9402 9000"
BE,REDUCED,MEDICAL_EQUIPMENT,REDUCED_RATE,6.0,"Royal Decree N° 20, Table A, cat. XXIII, N° 2 - dentures, artificial teeth, eyes,  limbs and the like, hearing aids and other aids for remedying or alleviating defects or ailments, which are held by the patient or are otherwise worn or implanted (1)
The reduced rate only applies for:
- batteries whose packaging clearly indicates that they are offered for sale for a specific use in hearing aids in 8506 10, 8506 30, 8506 40, 8506 5010, 8506 5090 10, 8506 5090 30, 8506 5090 90, 8506 60, 8506 80"
BE,REDUCED,MEDICAL_EQUIPMENT,REDUCED_RATE,6.0,"Royal Decree N° 20, Table A, cat. XXIII, n° 7 to 8 
The reduced rate only applies to:
- (PICC) peripheral insertion central catheters, introd. surgically + for a prolonged period into the human body for the purpose of adm. intravenous medications (chemo, parenteral nutrition, etc.) and samples frequent blood: 9018 3900
- infusion pumps: 9018 9050
- glucometers, whether/not accompanied by their accessories: 9027 8017"
BE,REDUCED,MEDICAL_EQUIPMENT,REDUCED_RATE,6.0,"Royal Decree N°20, Table A, category  XXIII, n° 6  - Aids specially designed for the visually impaired and blind, except frames, spectacle glasses and contact lenses
The reduced rate only applies for 6602 0000, 8523 2919, 8523 2990, 8523 4920, 8523 4990, 8523 5190, 8523 5990, 8523 8090, 8543 7009 99, 9005 1000, 9005 8000, 9013 8090 90, 9014 1000 90, 9015 10, 9017, 9101, 9102, 9103, 9105 if means of assistance specially designed for the visually impaired and the blind"
BE,REDUCED,PHARMACEUTICAL_PRODUCTS,REDUCED_RATE,6.0,"Royal Decree N° 20, Table A, category XVII
The reduced rate only applies to:
- products offered for sale for oral consumption by humans, excluding beverages: 3002 9050, 3004, 3006 6000
- bone cements containing antibiotics having an action accessory to that of the device: 3006 4000
- sterile viscoelastic substances strictly intended for human or veterinary medical or surgical use: 3304 99"
BE,REDUCED,FOODSTUFFS,REDUCED_RATE,6.0,"Royal Decree N° 20, Table A, cat. X (…)
The reduced rate only applies for:
- products intended for sale for oral human consumption other than beverages in 2936, 3006 6000
- for the manufacture of foodstuffs in 3002 9050
- for oral human consumption in 3306
- proteins/gelatin for food in 3502 1990 and 3503 0010
- some semi-finished products for the preparation of products for human consumption 3507 9090
- artif. sweeteners for human consumption in 3824 6091"
BE,REDUCED,MEDICAL_EQUIPMENT,REDUCED_RATE,6.0,"Royal Decree N° 20, Table A, cat. XXIII, n° 3 to 5 
The reduced rate only applies to:
- walking frames: 8716 8000
- apparatus to be worn on the person and allowing continuous or intermittent injection of medicaments by means of a hypodermic needle supplied by an electronically controlled pump: 9018 3110
- outpatient rehabilitators:  9019 1090
- aerosol devices and their accessories: 9019 2000  
- anti-decubitus material: 9404 90 90"
BE,REDUCED,PHARMACEUTICAL_PRODUCTS,REDUCED_RATE,6.0,"Royal Decree N° 20, Table A, category XXIII, n° 10

The reduced rate only applies to sanitary towels, tampons, panty liners and similar products intended for the hygienic protection of women and intimate tissues intended for the hygienic protection of the genital area of ​​persons other than babies in 9619"
BE,REDUCED,ANTIQUES,REDUCED_RATE,6.0,"RD N° 20, Table A, category XXI; For CN codes 9701 90 00, 9706 00 00 and 4911 91 00: excl. utensils and for CN code (9706 00 00): excl. articles composed of dried or preserved plants, animals or parts thereof, presented in such a way (e.g. in blocks of plastic, behind glass or between two sheets of glass stuck together) that because of their decorative appearance they are intended to decorate houses -stuffed animals and parts of stuffed animals made in large quantities from the same species"
BE,REDUCED,AGRICULTURAL_PRODUCTION,REDUCED_RATE,6.0,"Royal Decree N° 20, Table A, category XXIV - agricultural services, excluding services related to animals not listed in Royal Decree N° 20, Table A, category I (75.00.11) and construction and maintenance of gardens (81.30.11)

The reduced rate only applies for services in 01.61, 01.62, 01.64, 75.00.12 in that context

The goods supplied with the agricultural services are subject to the VAT rate applicable to the goods as if delivered separately, e.g."
BE,REDUCED,MEDICAL_EQUIPMENT,REDUCED_RATE,6.0,"Royal Decree N° 20, Table A, category  XXVI - Maintenance and repair work of the goods referred to in category XXII and XXIII, 2° to 8° and 11°

The reduced rate also applies to the supplies, parts and accessories used in the execution of those works."
BE,REDUCED,SUSTAINABLE_ENERGY,REDUCED_RATE,6.0,"Royal Decree N0 20, Table A, category XIV.
The supply of electricity, heat through heating networks and natural gas used as heating fuel under residential contracts."
BE,REDUCED,SUPPLY_ELECTRICITY,REDUCED_RATE,6.0,"Royal Decree N° 20, Table A, category XIV: the supply of electricity under residential contracts within the meaning of and under the terms of article 420, §§ 5 en 5/1 of the Programme law of 27 december 2004"
BE,REDUCED,SUPPLY_GAS,REDUCED_RATE,6.0,"Royal Decree N° 20, Table A, category XIV: the supply of natural gas used as heating fuel under residential contracts within the meaning of and under the terms of article 420, §§ 5 en 5/1 of the Programme law of 27 december 2004"
BE,REDUCED,SUPPLY_HEATING,REDUCED_RATE,6.0,"Royal Decree N° 20, Table A, category XIV: the supply of heat through heating networks under residential contracts for which, with the closure of the contract in mind, a business number has not been communicated by the customer natural person"
BE,REDUCED,SUPPLY_WATER,REDUCED_RATE,6.0,"Royal Decree N°20, Table A, category XIII"
BE,REDUCED,CONSTRUCTION,REDUCED_RATE,6.0,"Under the conditions provided for in Royal Decree N° 20, Table A, categories XXXII, XXXIII, XXXVI, XXXVII and that do not fall under the mentioned exceptions (such as cleaning services (81.22.11), garden maintenance (81.30.11), …)

The reduced rate only applies to 41.00.1, 41.00.3, 43.2, 43.3, 43.9, 43.11 in that context"
BE,REDUCED,MEDICAL_EQUIPMENT,REDUCED_RATE,6.0,"Royal Decree N° 20, Table A, cat. XXIII, N° 2 - part of orthopedic appliances etc.
The reduced rate only applies for:
- medical and surgical support bandages in 3926 9097,3926 2000, 4014 9000, 4015 9000, 4016 1000 90, 4016 9997 90, 4017 0000, 4203, 6103 41-42-43-49, 6104 61-62-63-69, 6107 11-12-19-91-99, 6108 21-22-29, 6109, 6115, 6116, 6117 80, 6203 41-42-43-49, 6204 61-62-63-69, 6207 11-19-91-99, 6208 91 92 99, 6212 90, 6216, 6217 10, 6307 90, 6505 0090, 6506 91, 6506 9990"
BE,REDUCED,UNDERTAKERS_SERVICES,REDUCED_RATE,6.0,"The supply of coffins - Royal Decree N° 20, Table A, category XXIII, 1°

The reduced rate only applies to urns and coffins in 3926 9097 60, 3926 9097 90, 4421 9100, 4421 9910, 4421 9999 99, 6914, 7419 99, 7907"
BE,REDUCED,RENOVATION,REDUCED_RATE,6.0,"Renovation of private dwellings of more than 10 years old – under the conditions provided for in Royal Decree No. 20, Table A, category XXXI, and that do not fall under the mentioned exceptions (such as cleaning services (81.22.11), garden maintenance (81.30.11), central heating systems that use fossil fuels, including the burners and the control and monitoring devices connected to such systems,...). The reduced rate only applies to 41.00.1, 41.00.3, 43.2, 43.3, 43.9 in that context."
BE,REDUCED,PRIVATE_DWELLINGS,REDUCED_RATE,6.0,"Supply, renovation and leasing of building used for school and supervision of schoolchildren - under the conditions provided for in Royal Decree N° 20, Table A, category XL and which do not fall under the mentioned exceptions (such as cleaning services (81.22.11), …). Garden maintenance (81.30.11) is not excluded contrary to what is mentioned above. The reduced rate only applies to 41.00.1, 41.00.3, 43.2, 43.3, 43.9 in that context"
BE,REDUCED,SUSTAINABLE_ENERGY,REDUCED_RATE,6.0,A temporary reduced rate of 6% to the supply with installation of heat pumps in private dwellings younger than 10 years (01.01.2026 – 31.12.2030)
BE,REDUCED,HOUSING_PROVISION,REDUCED_RATE,6.0,"Under the conditions provided for in Royal Decree N° 20, Table A, category XXXVII, the demolition and reconstruction of private dwellings and the supply of reconstructed private dwellings, to the entire Belgian territory, to be mainly used as domicile by the builder/buyer or destined to be leased long-term (for social purposes or not) by the builder/buyer."
BE,REDUCED,WOOD_ARTICLE98,REDUCED_RATE,6.0,"Royal Decree n° 20, Table A, category VII, 12° (firewood)"
BE,REDUCED,TRANSPORT_PASSENGERS,REDUCED_RATE,6.0,"Other transport of passengers as well as their accompanying unchecked luggage and animals - Royal Decree N° 20, Table A, category XXV"
BE,REDUCED,LOAN_LIBRARIES,REDUCED_RATE,6.0,"Newspapers, periodicals and books (digital and on paper) - Royal Decree N° 20, Table A, category XIX, excluding publications consisting exclusively or mainly of advertising material and publications consisting exclusively or mainly of video content or listenable music"
BE,REDUCED,LOAN_LIBRARIES,REDUCED_RATE,6.0,"Royal Decree N° 20, Table A, category XIX, (…) The reduced rate only applies for 
-atlases; tourist guides and road maps; maps of cities, municipalities and the like in 4905 9100, 4905 9900
-images which are clearly intended to be pasted or affixed to albums representing a series of images and in particular indicate the sequence number assigned to them in this album and the name of the series of which they are part and icons to be fixed to a wall to report the presence of an ED in 4911 9100 90"
BE,REDUCED,WRITERS_SERVICES,REDUCED_RATE,6.0,"The transfer of intellectual property rights according to Royal Decree N° 20, Table A, category XXIX, 1° with the exception of the supply of advertising services (59.11.3) and the transfer and licensing of intellectual property rights on computer programs (58.29.50). The reduced rate only applies to 58.11.6, 58.12.3, 58.14.4, 58.19.30, 59.13.11, 59.20, 60.10.12, 60.2, 74.3, 77.40.1 in that context."
BE,REDUCED,MEDICAL_EQUIPMENT,REDUCED_RATE,6.0,"Royal Decree N° 20, Table A, category  XXXIV, 3°:
- the training of assistance dogs, referred to in category XXIII, 9°, by an assistance dog school recognized by the competent authority and the services provided by veterinarians to these dogs: CPA-code?
- the services provided by veterinarians in 75.00.11 to assistance dogs, referred to in category XXIII, 9°"
BE,REDUCED,MEDICAL_EQUIPMENT,REDUCED_RATE,6.0,"Royal Decree N° 20, Table A, category  XXXIV, 1° - Rental of goods referred to in category XXIII, 2° to 8° and 11°

The reduced rate only applies to the rental in 77.29.19 of the mentioned goods"
BE,REDUCED,WRITERS_SERVICES,REDUCED_RATE,6.0,"According to Royal Decree N° 20, Table A, category XXIX, 2°, the services relating to the performance of theatrical, choreographic, musical works, circus, music hall or artistic cabaret shows and similar activities, which fall within the normal activity of actors, conductors'orchestra, musicians and other artists, even if these services are provided by a legal person with the exception of the advertising services. The reduced rate applies to 90.01 and 90.03 in that context."
BE,REDUCED,CULTURAL_EVENTS,REDUCED_RATE,6.0,"Admission to and use of cultural and entertainment facilities according to Royal Decree N° 20, Table A, category XXVIII with the exception of the 
- right to use automatic entertainment devices
- putting at disposal of movable goods.

If the VAT exemption does not apply and provided that the services are covered by said category XXVIII, the reduced rate applies to 90.04, 91.02.10, 91.03.10, 91.04.11, 93.2"
BE,REDUCED,MEDICAL_EQUIPMENT,REDUCED_RATE,6.0,"Royal Decree N° 20, Table A, category  XXIII, N° 14 - bras and bathing suits adapted to external breast prosthetics:

The reduced rate only applies to bras and bathings suits prescribed by a physician, when they are intended to alleviate the effects of a chronic or long-term illness or of a disability in:
6112 41, 6112 49, 6211 12 00, 6212 10 90"
BE,REDUCED,SPORTING_EVENTS,REDUCED_RATE,6.0,"Admission to and use of sports facilities according to Royal Decree N° 20, Table A, category XXVIII with the exception of the:
- right to use automatic entertainment devices
- putting at disposal of movable goods"
BE,REDUCED,SHOES_REPAIR,REDUCED_RATE,6.0,"Royal Decree N° 20, Table A, category XXXIX, 2°"
BE,REDUCED,CLOTHING_REPAIR,REDUCED_RATE,6.0,"Royal Decree N° 20, Table A, category XXXIX, 3°"
BE,REDUCED,BICYCLES_RENTAL,REDUCED_RATE,6.0,"Royal Decree N° 20, Table A, category XXXIX, 1°"
BE,REDUCED,UNDERTAKERS_SERVICES,REDUCED_RATE,6.0,"The services normally supplied by undertakers - Royal Decree N° 20, Table A, category XXXIV, 2° with the exception - of food and drinks for immediate consumption 
- the services supplied by waiters, servants and other persons intervening in the supply of food and drinks to consumers under conditions permitting consumption on the spot, 
- the services relating to the supply of crypts or tombs

The reduced rate only applies for 96.03 in that context"
BE,REDUCED,SOCIAL_WELLBEING,REDUCED_RATE,6.0,"For supplies of goods received for free, with the exception of the goods referred to in article 1, § 8, of the Belgian VAT Code, of goods listed in article 35 of that Code, of goods subject to the tax referred to in article 44, § 3, 1° of that Code, of goods acquired for use as capital goods, of works of art or collectors' items or antiques,  under the conditions as set out in Royal Decree N° 20, Table A, category XXIIIbis"
BE,REDUCED,SOCIAL_WELLBEING,REDUCED_RATE,6.0,"For services, with the exception of the work in immovable property within the meaning of article 19, § 2, second paragraph of the Belgian VAT Code, of the operations listed in category XXXI, § 3, 3° to 6°, of the Table A in the Royal Decree N° 20, as well as the maintenance and repair of the goods listed in article 35 of the Code, including the supply of parts, equipment and accessories used to carry out these works, under the conditions as set out in Royal Decree N° 20, Table A, category XXXV"
BE,REDUCED,PLANT,REDUCED_RATE,6.0,"(*1) EXTRA INFO: *1 The reduced rate only applies to flowerpieces, wreaths, baskets, crates and similar composite articles, when at least 80 % of the cost of which is accounted for by the fresh produce specified in 0603 1100-0603 1980, 0604 2011, 0604 2019, 0604 2040, 0604 2090, 0604 9019. The reduced rate doesn’t apply to 0603 9000, 0604 9011, 0604 9091 and 0604 9099."
BE,REDUCED,FOODSTUFFS,REDUCED_RATE,12.0,"Royal Decree N° 20, Table B, category VI 

The reduced rate only applies for margarine in 1517"
BE,REDUCED,HOUSING_PROVISION,REDUCED_RATE,12.0,"Under the conditions provided for in Royal Decree N° 20, Table B, categories X and XI and that do not fall under the mentioned exceptions (such as cleaning services (81.22.11), garden maintenance (81.30.11), …)

The reduced rate only applies to 41.00.1, 41.00.3, 43.2, 43.3, 43.9 in that context"
BE,REDUCED,ACCOMMODATION,REDUCED_RATE,12.0,"Royal Decree N° 20, Table B, category IV"
BE,REDUCED,RESTAURANT,REDUCED_RATE,12.0,"Royal Decree N° 20, Table B, category I excluded the provision of beverages"
BE,REDUCED,MEDICAL_EQUIPMENT,REDUCED_RATE,6.0,"Royal Decree N° 20, Table A, category  XXIII, N° 13 - hair prosthetics: 
The reduced rate only applies to hair prosthetics prescribed by a doctor or dermatologist and used for the alleviation of the consequences of a chronic illness, a long-term illness or a disability in: 
- 6704 11 00, 6704 19 00, 6704 20 00, 6704 90 00"
BE,REDUCED,MEDICAL_EQUIPMENT,REDUCED_RATE,6.0,"Royal Decree N° 20, Table A, cat. XXIII, N° 2 - part of orthopedic appliances etc. (part 2)
The reduced rate only applies for:
- screws, washers or the like for the treatment of fractures in the bone in 7318 1410 90, 7318 1535 90, 7318 1552 90, 7318 1562 90, 7318 1575 90, 7318 1595 90, 7318 1631 90, 7318 1900 90, 7318 2100 91-95-98, 7318 2200 91-95-98, 7318 2900 90, 8108 9090 99"
BE,REDUCED,FOODSTUFFS,REDUCED_RATE,6.0,"Royal Decree N° 20, Table A, cat. X (…)

The reduced rate only applies for:
- nutritional supplements and preparations and additives (RD of 2/8/1999 on the trade and use of substances intended for animal nutrition) 2309 9010 up to and including 2309 1090
- sodium bicarbonate offered for sale in a packaging normally reserved for domestic use + only for the preparation of ready meals, pastries or desserts, with exclusion of any other possible use in 2836 3000
9000"
BE,REDUCED,PHARMACEUTICAL_PRODUCTS,REDUCED_RATE,6.0,"Royal Decree N° 20, Table A, category XVII
The reduced rate only applies to:
- sterile hypodermic syringes for single use, intended for the injection of insulin solutions and graduated for this purpose in international units of insulin; disposable sterile needles for insulin injector pens: 9018 31
-intrauterine IUDs (pessaries): 9018 9084"
BE,REDUCED,MEDICAL_EQUIPMENT,REDUCED_RATE,6.0,"Royal Decree N° 20, Table A, cat. XXIII, N° 2 - dentures, etc. … (2)
RR only applies for:
- sterile hypodermic syringes for single use, intended for the injection of insulin solutions and graduated for this purpose in international units of insulin; disposable sterile needles for insulin injector pens + apparatus to be worn on the person and allowing continuous or intermittent injection of medicaments by means of a hypodermic needle supplied by an electronically controlled pump: 9018 3110-3190"
BE,REDUCED,MEDICAL_EQUIPMENT,REDUCED_RATE,6.0,"Royal Decree N° 20, Table A, cat. XXIII, n° 7 to 8 
The reduced rate only applies to:
- sterile hypodermic syringes for single use, intended for the injection of insulin solutions and graduated for this purpose in international units of insulin; disposable sterile needles for insulin injector pens: 9018 3110 
- puncture device, needles, test strips, specially designed for the use of the glucometer: 9018 3190
8017"
BE,REDUCED,AGRICULTURAL_PRODUCTION,REDUCED_RATE,6.0,"Royal Decree n° 20, Table A, category XII:
- 8° fertilizers: the reduced rate only applies for: products that will apparently be used as fertilisers and will not be mixed with recognised plant protection products for agricultural use in 2509 0000 and 2522 2000; kieserite (2530 2000) or thiosulfates, monopotassium phosphates and magnesium sulfates (2832 3000, 2833 2100, 2835 2400) used as fertilisers and not mixed with recognised plant protection products for agricultural use"
BE,REDUCED,MEDICAL_EQUIPMENT,REDUCED_RATE,6.0,"Royal Decree N° 20, Table A, cat. XXIII, N° 2 - dentures, etc. … (3)
The reduced rate only applies for:
- (PICC) peripheral insertion central catheters, introduced surgically and for a prolonged period into the human body for the purpose of administering intravenous medications (chemotherapy, parenteral nutrition, etc.) and samples frequent blood: 9018 3900
- devices to be held in the hand, worn on the person or implanted in the body, to compensate for a deficiency or infirmity: 9019 2000"
BE,REDUCED,PHARMACEUTICAL_PRODUCTS,REDUCED_RATE,6.0,"Royal Decree N° 20, Table A, category XVII
The reduced rate only applies to:
- pieces of bone conditioned to be implanted in the human body in order to totally or partially replace parts of the skeletons: 3001 9020, 3001 9098"
BG,REDUCED,FOODSTUFFS,REDUCED_RATE,9.0,The reduced rate is applicable for supply of foods suitable for babies or small children.
BG,REDUCED,FOODSTUFFS,REDUCED_RATE,9.0,The reduced rate is applicable for supply of specialised milk formulas (with partially hydrolysed protein and those for children with allergies) and dietetic foods for special medical purposes intended for infants.
BG,REDUCED,LOAN_LIBRARIES,REDUCED_RATE,9.0,"The supply of books on a physical medium or by electronic means, or both (including textbooks, knowledge books and textbooks, children's picture books, drawing or coloring books, printed or handwritten notebooks), periodicals like newspapers and magazines, on a physical medium or by electronic means, or both, other than publications which are wholly or mainly intended for advertising, and other than publications which are wholly or mainly composed of video content or audio-musical content."
BG,REDUCED,PHARMACEUTICAL_PRODUCTS,REDUCED_RATE,9.0,The reduced rate is applicable for supply of baby diapers and similar baby hygiene items.
BG,REDUCED,ACCOMMODATION,REDUCED_RATE,9.0,"The supply of accommodation services provided in hotels and similar establishments, including the provision of holiday accommodation and the rental of places for camping or caravans, with a place of supply in the territory of the country."
CY,REDUCED,CULTURAL_EVENTS,EXEMPTED,0.0,When organized by non-profit organizations and does not distort competition between them and profit organizations
CY,REDUCED,PRIVATE_DWELLINGS,NOT_APPLICABLE,0.0,
CY,REDUCED,SOCIAL_WELLBEING,NOT_APPLICABLE,0.0,
CY,REDUCED,UNDERTAKERS_SERVICES,NOT_APPLICABLE,0.0,
CY,REDUCED,AGRICULTURAL_PRODUCTION,REDUCED_RATE,5.0,"Live animals, feeding stuffs (including food for birds and fish)"
CY,REDUCED,FOODSTUFFS,REDUCED_RATE,5.0,"The sale of: baby milk, baby diapers, adult diapers, women hygiene products, fresh vegetable and fruits are liable at 0% until 31/12/2026"
CY,REDUCED,PHARMACEUTICAL_PRODUCTS,REDUCED_RATE,5.0,"The sale of in vitro products and vaccines related to virus covid 19 are liable at 0% from 13/01/2023 until 31/5/2023

From 5/5/2023 up until 31/12/2025 until the sale of the following: baby milk (liquid or powder), baby diapers, adult diapers, products related to feminine hygiene protection are liable at the 0%

From 1/12/23 up until 31/12/25 sale of fresh or refrigerated vegetables of all kinds for human consumption are liable at the 0% VAT"
CY,REDUCED,AGRICULTURAL_PRODUCTION,REDUCED_RATE,5.0,"Fertilizers, insecticides, rodenticides, fungicides, herbicides, disinfectants (under tariff code 31)"
CY,REDUCED,MEDICAL_EQUIPMENT,REDUCED_RATE,5.0,"Lifting devices for the disabled 
(under tariff code 84.28)
Braille typewriters and pocket size specialized electronic communication devices for the disabled (under tariff code 84.69)
Hearing aids and orthopedic devices (under tariff code 90.21)
Wheelchairs for the disabled  
(under tariff code 87.13)
Repair services of the aforementioned goods - standard rate"
CY,REDUCED,CHILDREN_CAR_SEATS,REDUCED_RATE,5.0,Children's car seats to be used by land vehicles and specially designed for children up to 12 years old
CY,REDUCED,ZOOLOGICAL,REDUCED_RATE,5.0,
CY,REDUCED,100_YEARS_OLD,REDUCED_RATE,5.0,only the importation of archeological goods under tariff code 9706 00 00 - is liable at the reduced vat rate 5%
CY,REDUCED,UNDERTAKERS_SERVICES,REDUCED_RATE,5.0,Only the sale of coffins is liable at the extra reduced rate of 5%
CY,REDUCED,SUPPLY_WATER,REDUCED_RATE,5.0,
CY,REDUCED,STREET_CLEANING,REDUCED_RATE,5.0,
CY,REDUCED,HOUSING_PROVISION,REDUCED_RATE,5.0,Renovation services related to extension of house used as a residence
CY,REDUCED,TRANSPORT_PASSENGERS,REDUCED_RATE,5.0,City and rural buses
CY,REDUCED,WRITERS_SERVICES,REDUCED_RATE,5.0,
CY,REDUCED,MEDICAL_CARE,REDUCED_RATE,5.0,
CY,REDUCED,CULTURAL_EVENTS,REDUCED_RATE,5.0,
CY,REDUCED,SPORTING_EVENTS,REDUCED_RATE,5.0,
CY,REDUCED,HAIRDRESSING,REDUCED_RATE,5.0,Hair extensions and wigs are liable at the standard rate
CY,REDUCED,TRANSPORT_PASSENGERS,REDUCED_RATE,9.0,"Urban/suburban/rural taxi
Touristic/excursion/intercity buses"
CY,REDUCED,ACCOMMODATION,REDUCED_RATE,9.0,Until 31/8/2022 was 5% - from 1/9/2022 is 9%
CY,REDUCED,RESTAURANT,REDUCED_RATE,9.0,Until 31/8/2022 was 5% - from 1/9/2022 is 9%
CY,REDUCED,BOOKS,SUPER_REDUCED_RATE,3.0,"Books under tariff code 49.01-49.05
Audio books for persons with disability under tariff code 85.23"
CY,REDUCED,NEWSPAPERS,SUPER_REDUCED_RATE,3.0,under tariff code 49.01-49.05
CY,REDUCED,PERIODICALS,SUPER_REDUCED_RATE,3.0,under tariff code 49.01-49.05
CY,REDUCED,MEDICAL_EQUIPMENT,SUPER_REDUCED_RATE,3.0,"3% VAT rate from 21/7/2023 
Lifting devices for the disabled 
(under tariff code 84.28)
Braille typewriters and pocket size specialized electronic communication devices for the disabled (under tariff code 84.69)
Orthopedic devices including medical surgical belts, bandage and crutches, splints, supports and other items and devices for fractures, items and prosthetic devices, hearing devices for the deaf (under tariff code 90.21)
Wheelchairs for the disabled  
(under tariff code 87.13)"
CY,REDUCED,WASTE_TREATMENT_REFUSAL,SUPER_REDUCED_RATE,3.0,
CY,REDUCED,WASTE_TREATMENT,SUPER_REDUCED_RATE,3.0,
CY,REDUCED,THEATRE_PERFORMANCES,SUPER_REDUCED_RATE,3.0,
CZ,REDUCED,ACCOMMODATION,REDUCED_RATE,12.0,Accommodation services.
CZ,REDUCED,RESTAURANT,REDUCED_RATE,12.0,"Restaurant and catering services except serving beverages other than drinking water and selected drinks; serving drinking water and selected drinks. 
Selected drinks (non-alcoholic beverage) are milk and liquid milk products, plant-based milk alternatives (CN 2202 99 11 and 2202 99 15), even if they contain added sugar or other sweetening matter, additive or other food, provided they retain the essential character of such beverages."
CZ,REDUCED,CULTURAL_EVENTS,REDUCED_RATE,12.0,"Admission to shows, theatres, circuses, amusement parks, concerts, museums, zoos, cinemas, exhibitions and similar cultural events and facilities, botanical gardens, nature reserves and national parks."
CZ,REDUCED,MEDICAL_CARE,REDUCED_RATE,12.0,"Medical care, in so far as those transactions are not exempt."
CZ,REDUCED,SOCIAL_WELLBEING,REDUCED_RATE,12.0,"Social care, in so far as those transactions are not exempt."
CZ,REDUCED,DOMESTIC_CARE,REDUCED_RATE,12.0,"Domestic care of the young, elderly, sick or disabled."
CZ,REDUCED,SPORTING_EVENTS,REDUCED_RATE,12.0,Admission to sporting events; use of indoor and outdoor sports facilities for sports activities; services related to the operation of recreational parks and beaches; operation of ski slopes.
CZ,REDUCED,UNDERTAKERS_SERVICES,REDUCED_RATE,12.0,"Funerals and related services, except for funeral services for animals."
CZ,REDUCED,MEDICAL_EQUIPMENT,REDUCED_RATE,12.0,Selected medical devices and their accessories according to the Regulation of the European Parliament and the Council on medical devices and in vitro diagnostic medical devices and their accessories according to the Regulation of the European Parliament and the Council on in vitro diagnostic medical devices (e.g. they can be classified in table no. 1 of section C of Annex no. 3 or Annex No. 4 of the Act on Public Health Insurance). Repair or modification of such medical equipment.
CZ,REDUCED,LOAN_LIBRARIES,EXEMPTED,0.0,"Supply, including on loan by libraries, of books, picture books, drawing or colouring books, brochures, music and maps, including audio recordings of their content (other than those where advertising exceeds 50% of their content, or those that consist wholly or mainly of video content or audible music). It also applies to electronic versions (e-books, etc.)."
CZ,REDUCED,TRANSPORT_PASSENGERS,EXEMPTED,0.0,The cross-border transport services of passengers and their luggage.
CZ,REDUCED,FOODSTUFFS,REDUCED_RATE,12.0,"Foodstuffs for human and animal consumption, live animals, seeds, plants, additives normally intended for use in the preparation of foodstuffs; products normally used to supplement foodstuffs or as a substitute for foodstuffs. Excl. beverages and water, this does not apply to selected drinks (milk and liquid milk products, plant-based milk alternatives, even if they contain added sugar or other sweetener, additive or other food, provided they retain the essential character of such beverages)."
CZ,REDUCED,PLANT,REDUCED_RATE,12.0,"Live trees and other plants; bulbs, roots and the like. Plants and seeds."
CZ,REDUCED,SUPPLY_WATER,REDUCED_RATE,12.0,"Drinking water.
Treatment and distribution services of water through mains. Collection and treatment of wastewater and sewage."
CZ,REDUCED,PHARMACEUTICAL_PRODUCTS,REDUCED_RATE,12.0,"Sorbitol for diabetics, aspartame, saccharin and its salts, antibiotics, pharmaceutical products - intended for medical services, disease prevention and treatment for medical purposes only; radiopharmaceuticals, vaccines, medicaments, contrast agents for X-ray examinations, diagnostic reagents intended for administration to patients, chemical contraceptives on a hormonal basis - intended for medical and veterinary services, disease prevention and treatment for medical and veterinary purposes."
CZ,REDUCED,PERIODICALS,REDUCED_RATE,12.0,"Supply, including on loan by libraries, of newspapers, magazines and periodicals, including audio recordings of their content (other than those where advertising exceeds 50% of their content, or those that consist wholly or mainly of video content or audible music). It also applies to electronic versions."
CZ,REDUCED,CHILDREN_CAR_SEATS,REDUCED_RATE,12.0,Children’s car seats.
CZ,REDUCED,TRANSPORT_PASSENGERS,REDUCED_RATE,12.0,Mass land and waterway transport services of passengers and their luggage and passenger transport services by ski lifts.
CZ,REDUCED,HOUSING_PROVISION,REDUCED_RATE,12.0,"The construction, renovation, alteration and transfer of residential property provided as a part of a social policy (apartments of up to 120 m2 of the floor area and family houses of up to 350 m2 of the floor area, other social buildings designed for living)."
CZ,REDUCED,PRIVATE_DWELLINGS,REDUCED_RATE,12.0,The renovation and repairing of residential property.
CZ,REDUCED,SUPPLY_HEATING,REDUCED_RATE,12.0,Heat and cold supply.
DE,REDUCED,FOODSTUFFS,REDUCED_RATE,7.0,"Annex 2 of the German VAT Act contains a list of goods falling under the reduced rate of 7% such as live animals, meat, milk and so on. For legal certainty please have a look at the German VAT Act."
DE,REDUCED,SUPPLY_WATER,REDUCED_RATE,7.0,"No reduced rate for bottled water, healing water and steam"
DE,REDUCED,FOODSTUFFS,REDUCED_RATE,7.0,"VAT - Import - Annex 2 of the German VAT Act contains a list of goods falling under the reduced rate of 7% such as live animals, meat, milk and so on. For legal certainty please have a look at the German VAT Act."
DE,REDUCED,LOAN_LIBRARIES,REDUCED_RATE,7.0,"Annex 2 of the German VAT Act contains a list of goods falling under the reduced rate of 7% such as printed books, music, maps and so on. For legal certainty please have a look at the German VAT Act."
DE,REDUCED,LOAN_LIBRARIES,REDUCED_RATE,7.0,"VAT - Import - Annex 2 of the German VAT Act contains a list of goods falling under the reduced rate of 7% such as printed books, music, maps and so on. For legal certainty please have a look at the German VAT Act."
DE,REDUCED,POSTAGE,REDUCED_RATE,7.0,VAT - Import - Annex 2 of the German VAT Act contains a list of goods falling under the reduced rate of 7%. For legal certainty please have a look at the German VAT Act.
DE,REDUCED,POSTAGE,REDUCED_RATE,7.0,Annex 2 of the German VAT Act contains a list of goods falling under the reduced rate of 7%. For legal certainty please have a look at the German VAT Act.
DE,REDUCED,MEDICAL_EQUIPMENT,REDUCED_RATE,7.0,"VAT - Import - Annex 2 of the German VAT Act contains a list of goods falling under the reduced rate of 7% such as wheelchairs, orthopaedic appliances, human body replacement parts and so. For legal certainty please have a look at the German VAT Act."
DE,REDUCED,MEDICAL_EQUIPMENT,REDUCED_RATE,7.0,"Annex 2 of the German VAT Act contains a list of goods falling under the reduced rate of 7% such as wheelchairs, orthopaedic appliances, human body replacement parts and so on. For legal certainty please have a look at the German VAT Act."
DE,REDUCED,PHARMACEUTICAL_PRODUCTS,REDUCED_RATE,7.0,VAT - Import - Article 98 (2) and Annex III of the VAT Directive: Annex 2 of the German VAT Act contains a list of goods falling under the reduced rate of 7% such as products for monthly hygiene purposes and so on. For legal certainty please have a look at the German VAT Act.
DE,REDUCED,PHARMACEUTICAL_PRODUCTS,REDUCED_RATE,7.0,Article 98 (2) and Annex III of the VAT Directive: Annex 2 of the German VAT Act contains a list of goods falling under the reduced rate of 7% such as products for monthly hygiene purposes and so on. For legal certainty please have a look at the German VAT Act.
DE,REDUCED,PICTURES,REDUCED_RATE,7.0,VAT - Import - Annex 2 of the German VAT Act contains a list of goods falling under the reduced rate of 7%. For legal certainty please have a look at the German VAT Act.
DE,REDUCED,PICTURES,REDUCED_RATE,7.0,Annex 2 of the German VAT Act contains a list of goods falling under the reduced rate of 7%. For legal certainty please have a look at the German VAT Act.
DE,REDUCED,IMPRESSIONS,REDUCED_RATE,7.0,VAT - Import - Annex 2 of the German VAT Act contains a list of goods falling under the reduced rate of 7%. For legal certainty please have a look at the German VAT Act.
DE,REDUCED,IMPRESSIONS,REDUCED_RATE,7.0,Annex 2 of the German VAT Act contains a list of goods falling under the reduced rate of 7%. For legal certainty please have a look at the German VAT Act.
DE,REDUCED,SCULPTURES,REDUCED_RATE,7.0,VAT - Import - Annex 2 of the German VAT Act contains a list of goods falling under the reduced rate of 7%. For legal certainty please have a look at the German VAT Act.
DE,REDUCED,SCULPTURES,REDUCED_RATE,7.0,Annex 2 of the German VAT Act contains a list of goods falling under the reduced rate of 7%. For legal certainty please have a look at the German VAT Act.
DE,REDUCED,ZOOLOGICAL,REDUCED_RATE,7.0,VAT - Import - Annex 2 of the German VAT Act contains a list of goods falling under the reduced rate of 7%. For legal certainty please have a look at the German VAT Act.
DE,REDUCED,ZOOLOGICAL,REDUCED_RATE,7.0,Annex 2 of the German VAT Act contains a list of goods falling under the reduced rate of 7%. For legal certainty please have a look at the German VAT Act.
DE,REDUCED,SOCIAL_WELLBEING,REDUCED_RATE,7.0,"VAT - Import - Reduced rate only applicable to supplies of goods and services of organisations pursuing non-profit making, charitable or ecclesiastical purposes. VAT reduction not applicable to supply of goods or services to be made within the context of a profitable Business. See preliminary remarks to “Reduced rates” and the “General comments” field."
DE,REDUCED,TRANSPORT_PASSENGERS,REDUCED_RATE,7.0,VAT - Import - Reduced rate on local transport (within a local community or if the transport distance does not exceed 50 km) and rail-bound transport. See preliminary remarks to “Reduced rates” and the “General comments” field.
DE,REDUCED,CULTURAL_EVENTS,REDUCED_RATE,7.0,"VAT - Import - Reduced rate only on admissions to theatres, concerts and museums, as well as circus performances, performances as performers and transactions directly linked to the operation of zoological gardens. See preliminary remarks to “Reduced rates” and the “General comments” field."
DE,REDUCED,ACCOMMODATION,REDUCED_RATE,7.0,VAT - Import - Only for short-term accommodation. See preliminary remarks to “Reduced rates” and the “General comments” field.
DE,REDUCED,MEDICAL_CARE,REDUCED_RATE,7.0,VAT - Import - Reduced rate only on the supply of services by dental technicians in their professional capacity and the supply of dental prostheses by dentists and dental technicians. See preliminary remarks to “Reduced rates” and the “General comments” field.
DE,REDUCED,WRITERS_SERVICES,REDUCED_RATE,7.0,VAT - Import - See preliminary remarks to “Reduced rates” and the “General comments” field.
DE,REDUCED,TRANSPORT_PASSENGERS,REDUCED_RATE,7.0,"Reduced rate on local transport (within a local community or if the transport distance does not exceed 50 km) and rail-bound transport.
See preliminary remarks to “Reduced rates” and the “General comments” field"
DE,REDUCED,CULTURAL_EVENTS,REDUCED_RATE,7.0,"Reduced rate only on admissions to theatres, concerts and museums, as well as circus performances, performances as performers and transactions directly linked to the operation of zoological gardens.
See preliminary remarks to “Reduced rates” and the “General comments” field"
DE,REDUCED,WRITERS_SERVICES,REDUCED_RATE,7.0,See preliminary remarks to “Reduced rates” and the “General comments” field
DE,REDUCED,ACCOMMODATION,REDUCED_RATE,7.0,"Only for short-term accommodation.
See preliminary remarks to “Reduced rates” and the “General comments” field"
DE,REDUCED,SOCIAL_WELLBEING,REDUCED_RATE,7.0,"Reduced rate only applicable to supplies of goods and services of organisations pursuing non-profit making, charitable or ecclesiastical purposes. VAT reduction not applicable to supply of goods or services to be made within the context of a profitable Business.
See preliminary remarks to “Reduced rates” and the “General comments” field"
DE,REDUCED,MEDICAL_CARE,REDUCED_RATE,7.0,"Reduced rate only on the supply of services by dental technicians in their professional capacity and the supply of dental prostheses by dentists and dental technicians.
See preliminary remarks to “Reduced rates” and the “General comments” field"
DE,REDUCED,SUPPLY_ELECTRICITY,EXEMPTED,0.0,VAT - Import - Article 12 paragraph 3 of the German VAT Act contains a list of services falling under the zero rate e.g. the supply of certain photovoltaic power. For legal certainty please have a look at the German VAT Act.
DE,REDUCED,SUPPLY_ELECTRICITY,EXEMPTED,0.0,Article 12 paragraph 3 of the German VAT Act contains a list of services falling under the zero rate e.g. the supply of certain photovoltaic power. For legal certainty please have a look at the German VAT Act.
DE,REDUCED,BROADCASTING_SERVICES,OUT_OF_SCOPE,0.0,VAT - Import - Public radio and television broadcasting services are out of scope.
DE,REDUCED,BROADCASTING_SERVICES,OUT_OF_SCOPE,0.0,Public radio and television broadcasting services are out of scope.
DE,REDUCED,PLANT,REDUCED_RATE,7.0,"VAT - Import - Annex 2 of the German VAT Act contains a list of goods falling under the reduced rate of 7% such as live plants, bulbs, roots and so on. For legal certainty please have a look at the German VAT Act."
DE,REDUCED,PLANT,REDUCED_RATE,7.0,"Annex 2 of the German VAT Act contains a list of goods falling under the reduced rate of 7% such as live plants, bulbs, roots and so on. For legal certainty please have a look at the German VAT Act."
DE,REDUCED,NEWSPAPERS,REDUCED_RATE,7.0,VAT - Import - Annex 2 of the German VAT Act contains a list of goods falling under the reduced rate of 7% e.g. excluding newspapers whose content is harmful to minors or is predominantly devoted to advertising. For legal certainty please have a look at the German VAT Act.
DE,REDUCED,PERIODICALS,REDUCED_RATE,7.0,VAT - Import - Annex 2 of the German VAT Act contains a list of goods falling under the reduced rate of 7% e.g. excluding periodicals whose content is harmful to minors or is predominantly devoted to advertising. For legal certainty please have a look at the German VAT Act.
DE,REDUCED,NEWSPAPERS,REDUCED_RATE,7.0,Annex 2 of the German VAT Act contains a list of goods falling under the reduced rate of 7% e.g. excluding newspapers whose content is harmful to minors or is predominantly devoted to advertising. For legal certainty please have a look at the German VAT Act.
DE,REDUCED,PERIODICALS,REDUCED_RATE,7.0,Annex 2 of the German VAT Act contains a list of goods falling under the reduced rate of 7% e.g. excluding periodicals whose content is harmful to minors or is predominantly devoted to advertising. For legal certainty please have a look at the German VAT Act.
DE,REDUCED,SUPPLY_WATER,REDUCED_RATE,7.0,"VAT - Import - No reduced rate for bottled water, healing water and steam"
DK,REDUCED,TRANSPORT_PASSENGERS,EXEMPTED,0.0,"Taxis, scheduled busses, trains and air transport are exempted. In connection with international transportation of passengers the exemption also covers accompanying luggage.
Passenger transport in tourist busses and similar vehicles (CPA 49.39.32, 49.39.33, 49.39.34) are subject to VAT in Denmark (Standard rate)."
DK,REDUCED,SOCIAL_WELLBEING,EXEMPTED,0.0,Delivery of goods and services related to charitable events - e.g. collection and sale of used items of little value - is exempt under certain conditions according to section 13(1)(17). Exemption obtained by prior application to the tax authorities on condition that the event does not distort competition in relation to commercial enterprises. An application for exemption is based on a specific assessment (event has a charitable purpose or has a commercial character).
DK,REDUCED,WRITERS_SERVICES,EXEMPTED,0.0,
DK,REDUCED,CULTURAL_EVENTS,EXEMPTED,0.0,"Services related to cultural activities, including libraries, museums, zoos and the like and supply of goods and services closely related to these services are exempt from VAT. The exemption does not cover radio and television broadcasts, movie display and theatre performances, concerts, etc."
DK,REDUCED,SPORTING_EVENTS,EXEMPTED,0.0,The exemption does not cover events with professional athletes as participants. It is a condition that the supplier is not acting for the purpose of gaining profit.
DK,REDUCED,UNDERTAKERS_SERVICES,EXEMPTED,0.0,The exemption does not include goods.
EE,REDUCED,MEDICAL_EQUIPMENT,REDUCED_RATE,9.0,"This reduced rate applies only to eye baths, enema jugs and –nozzles, fecal -, secretion – and urine collection containers."
EE,REDUCED,MEDICAL_EQUIPMENT,REDUCED_RATE,9.0,"This reduced rate applies only to incontinence products: — mattress protection sheets: — thin film; 3921 90 10  — absorbent; 4818 90, 9619 00 79 — special netting pants for fixing diapers; 6108 22 00 — incontinence pads and diapers (other than baby diapers); 9619 — gel implants and ribbons that are injected into the body to prevent urinary incontinence ; 3006 10 10 bladder neck inclination’s correction products to prevent urinary incontinence 9018 39 00."
EE,REDUCED,MEDICAL_EQUIPMENT,REDUCED_RATE,9.0,"This reduced rate applies only to special equipment for eating and drinking for persons with disabilities: —drinking cups , plastic;3924 10 00 — knives; 8211 91 00 — forks, spoons; 8215 99 10 — cutlery handles of plastics; 3926 90 97 — cutters; 8210 00 00 — holders (including glass holders), of plastics; 3926 90 97 —jar and bottle openers, plate edges, of plastics; 3924 90 00."
EE,REDUCED,MEDICAL_EQUIPMENT,REDUCED_RATE,9.0,"This reduced rate applies only to toilet facilities: — toilet chairs; 9403 — toilet seat risers in plastic material; 3924 90 00 — children’s toilet seats, plastic; 3924 90 00 — toilet tissue gripping aids, plastic; 3924 90 00."
EE,REDUCED,MEDICAL_EQUIPMENT,REDUCED_RATE,9.0,"This reduced rate applies only to aids for washing, bathing and showering: — bath seats: − Of metal; 7326 90 98 — of plastics; 3924 90 00 — shower chairs: − Of metal; 9401 71 00 — of plastics; 9401 80 00 — folding shower chairs; 9401 79 00, 9401 80 00 —bath steps of a plastic material; 3924 90 00 — ring brushes; 9603 29 80 —baths for head washing for a person lying down, plastic; 3924 90 00."
EE,REDUCED,MEDICAL_EQUIPMENT,REDUCED_RATE,9.0,"This reduced rate applies only to household appliances: — grabs, of aluminium; 7616 99 90 — buttoners; 7326 90 98 — stocking ais,  of plastics; 3924 90 00 — special scissors; 8213 00 00 — pencil-holders, of plastics; 3924 90 00."
EE,REDUCED,MEDICAL_EQUIPMENT,REDUCED_RATE,9.0,"This reduced rate applies only to equipment for removal and positioning: — rotating plates, of plastics; 3924 90 00 —  sliding tables, of wood; 4421 99 99 — straps; 6307 90 98 — positioning pillows, plastics; 3924 90 00 — lifting straps; 6307 90 98."
EE,REDUCED,MEDICAL_EQUIPMENT,REDUCED_RATE,9.0,"This reduced rate applies only to support aids: — armrests, support handles and handrails for toilet facilities; — of plastics; 3925 90 80 — of wood; 4421 99 99."
EE,REDUCED,MEDICAL_EQUIPMENT,REDUCED_RATE,9.0,"This rate applies only to parts and accessories for the adaptation of cars and other motor vehicles for the disabled: engine handling adjustments; adj. for handling the handbrake; adj. for handling the steering mechanism; specially designed car seats and cushions; adaptation for use of secondary functions, including adj. mirrors, central lockings, windscreen wipers, indicators and lights; car lifts for lifting a person into a car; wheelchair lifting equipment and securing devices."
EE,REDUCED,PHARMACEUTICAL_PRODUCTS,REDUCED_RATE,9.0,This reduced rate applies only to contraceptives.
EE,REDUCED,MEDICAL_EQUIPMENT,REDUCED_RATE,9.0,"This reduced rate applies only to aids for the deaf, blind and visually impaired persons (part 2): — wristwatches for deaf and blind (tactile, speaking); 9102
— weight scales with sound output for the blind and visually impaired persons 8423 10 10, 8423 10 90
— liquid meters with sound output for the blind and visually impaired persons 9026 10"
EE,REDUCED,MEDICAL_EQUIPMENT,REDUCED_RATE,9.0,"This reduced rate applies only to lifts for people with disabilities (including bath lifts and swimming pool lifts, vertical and sloping ground lift platforms for wheelchairs,  stair lifts)."
EE,REDUCED,MEDICAL_EQUIPMENT,REDUCED_RATE,9.0,"This reduced rate applies only to computer units, accessories and special equipment for the blind and visually impaired persons: touch screen monitors; keyboards; devices contr. by hand, foot, head; switching devices; special attachments (keyboard frame); voice-contr. computer components; Braille monitor, printer; touch monitor, voice controlled systems, screen reading systems, equipment for the production of Braille and recorded material; hearing aids customised for computer."
EE,REDUCED,MEDICAL_EQUIPMENT,REDUCED_RATE,9.0,"This reduced rate applies only to aids for the deaf, blind and visually impaired persons (part 3):
— Measuring instruments with sound output or special marking, including measuring tapes, levels and other such items; 9017 80 10,  9017 80 90, 9031
—thermometers with sound output ; 9025 19 00 — barometers with sound output; 9025 80 20 — calculators with sound output; 9017 20 90, 8470"
EE,REDUCED,MEDICAL_EQUIPMENT,REDUCED_RATE,9.0,"This reduced rate applies only to typhlo-technical aids:
— data casting machines, voice synthesisers; 8471 80 00
— voice synthesisers, unrecorded; 8543 70 90
— electronic notebook with voice synthesisers, 8470 10 00"
EE,REDUCED,MEDICAL_EQUIPMENT,REDUCED_RATE,9.0,"This reduced rate applies only to typewriters with memory and reproduction device, specially adapted for use by the blind and visually impaired persons, 8472 90 80."
EE,REDUCED,MEDICAL_EQUIPMENT,REDUCED_RATE,9.0,"This reduced rate applies only to aids for the deaf, blind and visually impaired persons (part 4): 
navigation equipment, including compasses and other orienteering aids with sound output; 9014 80 00, 9014 10 00, 8526
— alarm systems with light or vibration output for the deaf (telephone, baby`s crying, doorbell, smoke alarm and other such); 8517, 8531 10 30, 8531 10 95"
EE,REDUCED,MEDICAL_EQUIPMENT,REDUCED_RATE,9.0,"This reduced rate applies only to customised software for people with disabilities: — special software to simplify activities that require fine coordination (replacement of key combinations, macros and others); — special software for visualisation of sounds; — software to enlarge text  (Zoom text); — screen reading software ; — special programming software."
EE,REDUCED,MEDICAL_EQUIPMENT,REDUCED_RATE,9.0,This reduced rate applies only to test strips for glycometer.
EE,REDUCED,MEDICAL_EQUIPMENT,REDUCED_RATE,9.0,"This reduced rate applies only to aids for the deaf, blind and visually impaired persons (part 1):
— monuculars, binocular glasses; 9004 90 90
— magnifying glasses; 9013 80 00
— magnifying video systems and reading monitors; 8528 and 8543
— White canes; 6602 00 00
— handles and knobs of a white cane; 6603 90 10
— parts and accessories for white cane; 6603 90 90 —
Alarm clocks for deaf and blind persons (tactile, speaking, vibrating); 9105 11 00 and 9105 19 00"
EE,REDUCED,ACCOMMODATION,REDUCED_RATE,13.0,"Accommodation services or accommodation services with breakfast, excluding any goods or services accompanying such services."
EE,REDUCED,MEDICAL_EQUIPMENT,REDUCED_RATE,9.0,"This reduced rate applies only to tricycles produced for persons with disabilities, in the form of pedals or hand driven cycles."
EE,REDUCED,MEDICAL_EQUIPMENT,REDUCED_RATE,9.0,
EE,REDUCED,MEDICAL_EQUIPMENT,REDUCED_RATE,9.0,This reduced rate applies only to contact lenses for the adjustment of vision.
EE,REDUCED,MEDICAL_EQUIPMENT,REDUCED_RATE,9.0,"This reduced rate applies only to spectacle frames and parts thereof 
− Of base metal or of other materials (excluding of precious metal); 9003 19 00
— Parts of frames; 9003 90 00"
EE,REDUCED,MEDICAL_EQUIPMENT,REDUCED_RATE,9.0,"This reduced rate applies only to sunglasses with optically treated lenses, and a filter clip-on."
EE,REDUCED,MEDICAL_EQUIPMENT,REDUCED_RATE,9.0,This reduced rate applies only to spectacles with vision corrective function (excluding spectacles with spectacle frames of precious metal).
EE,REDUCED,MEDICAL_EQUIPMENT,REDUCED_RATE,9.0,This reduced rate applies only to glycometer and parts thereof.
EE,REDUCED,MEDICAL_EQUIPMENT,REDUCED_RATE,9.0,"This reduced rate applies only to insulin pumps, insulin syringes, and accessories thereof."
EE,REDUCED,MEDICAL_EQUIPMENT,REDUCED_RATE,9.0,This reduced rate applies only to lancets and lancet devices.
EE,REDUCED,MEDICAL_EQUIPMENT,REDUCED_RATE,9.0,"This reduced rate applies only to ostomy care products (part 1): — ostomy bags (including fasteners); 3006 91 00 — baseplates; 3005 10 00, 3006 91 00 — external catheters for men; 4014 90 00 — single use bladder catheters; 9018 39 00 — belts for ostomy bag; 6307 90 98."
EE,REDUCED,MEDICAL_EQUIPMENT,REDUCED_RATE,9.0,"This reduced rate applies only to ostomy care products (part 3): —Tracheostomy care products : — filters for tracheostomy, neck bands for tracheostomy, speaking and swallowing valves; 9019 20 00, 9021 90 90, 6307 —foam dressings and patches for tracheostomy; 3005 10 00 — skin cleansing patches for tracheostomy; 3401 19 00 — protective layer for the skin surrounding tracheostomy; 3401 — tracheostomy protectors; 9018 90 84 — aspiration probes ; 9018 39 00 — tracheal cannulas ; 9018 39 00."
EE,REDUCED,MEDICAL_EQUIPMENT,REDUCED_RATE,9.0,"This reduced rate applies only to ostomy care products  (part 2): Additional products for ostomy care: — pastes, powders, protective creams; 3304 — protection of the area around the ostomy (ostomy ring with skin protective fluids) and glue residue remover  for the skin (skin cleansing pads, skin cleansing solution as an aerosol); 3401 11 00, 3401 30 00, 3402 20 90, 3005 90 99, 9018 90 84 —ostomy odor neutralizing agents; 3307 90 00."
EE,REDUCED,MEDICAL_EQUIPMENT,REDUCED_RATE,9.0,"This reduced rate applies only to running, power and balance training devices for disabled persons: — pedal exercise machines; 9019 10 90 — stand up tables; 9019 10."
EE,REDUCED,MEDICAL_EQUIPMENT,REDUCED_RATE,9.0,This reduced rate applies only to walking aids handled by two hands: — support frames on wheels and without wheels.
EE,REDUCED,MEDICAL_EQUIPMENT,REDUCED_RATE,9.0,"This reduced rate applies only to devices for ozone therapy, oxygen therapy, aerosol therapy and treatment of apnoea."
EE,REDUCED,MEDICAL_EQUIPMENT,REDUCED_RATE,9.0,This reduced rate applies only to seats for persons with disabilities: — special seats.
EE,REDUCED,MEDICAL_EQUIPMENT,REDUCED_RATE,9.0,This reduced rate applies only to care beds and beds accessories: — beds; 9402 90 00  — bedtables; 9403 2080 — bed straps; 7308 90 98 — head elevators;7326 90 98.
EE,REDUCED,MEDICAL_EQUIPMENT,REDUCED_RATE,9.0,This reduced rate applies only to wheelchair cushions.
EE,REDUCED,MEDICAL_EQUIPMENT,REDUCED_RATE,9.0,"This reduced rate applies only to occupational therapy and movement therapy equipment: balloons (for breathing function training), mega-balls, active balls, sitting balls, balls for the therapy of seniors and functional balls for rehab. of sick or disabled person; 9506 62 00 — reflex balls and gravity balls, int. for rehab. of sick or disabled persons, 9506 69 90 —physioth. rollers, functional pillows for physiotherapy and back stretching benches; 9506 91 90 — rings for occup. th.; 9506 99 90"
EE,REDUCED,MEDICAL_EQUIPMENT,REDUCED_RATE,9.0,This reduced rate applies only to brushes made for persons with reduced mobility.
EE,REDUCED,MEDICAL_EQUIPMENT,REDUCED_RATE,9.0,This reduced rate applies only to combs adapted to persons with reduced mobility.
EE,REDUCED,MEDICAL_EQUIPMENT,REDUCED_RATE,9.0,This reduced rate applies only to a dot machine adapted for the blind and visually impaired persons (a typing machine for printing letters on a special paper) 8472 90 80.
EE,REDUCED,PHARMACEUTICAL_PRODUCTS,REDUCED_RATE,9.0,
EE,REDUCED,PHARMACEUTICAL_PRODUCTS,REDUCED_RATE,9.0,"This reduced rate applies only to toxins and other vaccines, toxins, and products similar to those in the presence of microorganisms (humans, animals and plant viruses and antiviruses, bacteriophages)."
EE,REDUCED,PHARMACEUTICAL_PRODUCTS,REDUCED_RATE,9.0,This reduced rate applies only to food for special medical purposes within the meaning of the Food Act.
EE,REDUCED,PHARMACEUTICAL_PRODUCTS,REDUCED_RATE,9.0,This reduced rate applies only to medicinal products within the meaning of Medicinal Products Act.
EE,REDUCED,PHARMACEUTICAL_PRODUCTS,REDUCED_RATE,9.0,This reduced rate applies only to oxygen for medical inhalation.
EE,REDUCED,MEDICAL_EQUIPMENT,REDUCED_RATE,9.0,"This reduced rate applies only to rubber enema balloons, -nozzles, -jugs, bedpans, rubber rings, mattresses and seat cushions to prevent pressure sores."
EE,REDUCED,MEDICAL_EQUIPMENT,REDUCED_RATE,9.0,This reduced rate applies only to Braille paper in sheets.
EE,REDUCED,LOAN_LIBRARIES,REDUCED_RATE,9.0,"Books and educational literature, both on a physical medium and electronically."
EE,REDUCED,PHARMACEUTICAL_PRODUCTS,REDUCED_RATE,9.0,This reduced rate applies only to radioactive chemical elements and isotopes and their compounds used for the treatment and diagnosis of diseases on importation by a person authorised to provide health care or on sale to that person.
EE,REDUCED,PHARMACEUTICAL_PRODUCTS,REDUCED_RATE,9.0,This reduced rate applies only to antisera prepared from animal blood.
EE,REDUCED,PHARMACEUTICAL_PRODUCTS,REDUCED_RATE,9.0,"This reduced rate applies only to modified immunological products, including those obtained by means of biotechnological processes."
EE,REDUCED,MEDICAL_EQUIPMENT,REDUCED_RATE,9.0,"This reduced rate applies only to chronic ulcers and pressure sores (part 1):
— gels, hydrocolloidal gels, hydrocolloidal pastes, rinsing solutions for chronic ulcers containing undecylenamidepropylbetanine; 3003 90 00, 3004 90 00, 3005 90 99, 3401 30 00, 3808 94 90
— Hydrogel wound pads; 3005 90 99
— wound poultices, with salt crystals; 3005 90 50
— alginate dressings, calcium alginate dressings; 3005 90 50, 3005 90 99 
— Hydrofibre wound dressings; 3005 90 50"
EE,REDUCED,MEDICAL_EQUIPMENT,REDUCED_RATE,9.0,This reduced rate applies only to learning materials in Braille.
EE,REDUCED,NEWSPAPERS,REDUCED_RATE,9.0,"Press publications, both on a physical medium and electronically, excluding publications containing mainly advertising or private advertisements or mainly with erotic or pornographic content or video or music content."
EE,REDUCED,MEDICAL_EQUIPMENT,REDUCED_RATE,9.0,This reduced rate applies only to children’s picture books in Braille.
EE,REDUCED,MEDICAL_EQUIPMENT,REDUCED_RATE,9.0,This reduced rate applies only to music notes in Braille.
EE,REDUCED,MEDICAL_EQUIPMENT,REDUCED_RATE,9.0,"This reduced rate applies only to other printed material, including printed reproductions and photographs in relief for blind and visually impaired persons."
EE,REDUCED,MEDICAL_EQUIPMENT,REDUCED_RATE,9.0,"This reduced rate applies only to reproductions of works of art, graphic sheets and photographs in relief for the blind and visually impaired persons."
EE,REDUCED,MEDICAL_EQUIPMENT,REDUCED_RATE,9.0,"This reduced rate applies only to pressure clothing for the treatment of lymphodema and pressure clothing, head covering masks and face covering masks for the patient with burns."
EE,REDUCED,MEDICAL_EQUIPMENT,REDUCED_RATE,9.0,"This reduced rate applies only to radiculitis belts, support bandages, suspensoriums, joint and muscle support bandages."
EE,REDUCED,MEDICAL_EQUIPMENT,REDUCED_RATE,9.0,"This reduced rate applies only to chronic ulcers and pressure sores (part 2): — ointment dressings; 3005 90 31, 3005 90 99
— wound dressings with collagen; 3005 90 99
— Soft silicone wound dressings; 3005 10 00
— bioactive wound dressings; 3005 90 50
— foam wound pads; 3005 90 99
— wound dressings with silver (incl hydrofiber); 3005 90 50, 3005 90 99 — hydrocolloid wound pads and wound plasters; 3005 90 99, 3005 10 00
— wound dressings activated with a Ringer’s solution; 3005 90 50"
EE,REDUCED,MEDICAL_EQUIPMENT,REDUCED_RATE,9.0,"This reduced rate applies only to walking aids and parts thereof, handled by one hand: — walking sticks, three and four legged walking sticks; 6602 00 00 — Rubber nozzles; 6603 90 90 – cane tips for ice; 6603 90 90."
EE,REDUCED,MEDICAL_EQUIPMENT,REDUCED_RATE,9.0,This reduced rate applies only to ramps for mobility equipment for people with disabilities: — of steel; 7308 90 98 — of aluminium; 7610 90 90.
EL,REDUCED,PHARMACEUTICAL_PRODUCTS,REDUCED_RATE,6.0,"For tariff headings 2844, 3006, 3002, 3822 and 3824 reduced rate applies only on radioactive, shadow and other preparations or reagents for human medicine (for diagnostic or therapeutic purposes). After the cease of EU Directive 2020/2020 on 31/12/2022, the diagnostic rapid and PCR tests are also included in tariff heading 3822 ."
EL,REDUCED,MEDICAL_EQUIPMENT,REDUCED_RATE,6.0,"For tariff headings of goods intended for the service of persons with disabilities needs, the reduced rate applies only on sugar measuring tapes (3822),luminous system alarm (8531), light signal receiver (8517)"
EL,REDUCED,PHARMACEUTICAL_PRODUCTS,REDUCED_RATE,6.0,"•For tariff headings 3401,3402 reduced rate applies only on soap and other preparations for personal hygiene
•For tariff headings 3307,3401,2828,3402,3808,3824 reduced rate applies only on antiseptic solutions, antiseptic wipes and other antiseptic preparations"
EL,REDUCED,MEDICAL_EQUIPMENT,REDUCED_RATE,6.0,"For tariff headings of goods intended to service people with vision disabilities the reduced rate applies only on white sticks (6602) Braille typewriters  (8472), on computer programs (jaws, supernova, hall, loudspeaker, fine reader, cellphone programs in Greek and foreign version-mobile speak, speaking phone) (8523), on  Braille printers (8443)  writing frames for people with reduced abilities vision (Braille) (3926)"
EL,REDUCED,PHARMACEUTICAL_PRODUCTS,REDUCED_RATE,6.0,"For tariff headings 3926, 4015, 4818, 6307, reduced rate applies only on protective masks and gloves for medicine (for protection against viruses and prevention of disease transmission for hospital and private use)"
EL,REDUCED,LOAN_LIBRARIES,REDUCED_RATE,6.0,"Reduced rate applies only on books and books for children of tariff headings 4901 and 4903, editions thereof, visual or audio, inscribed on a material backing of tariff headings 8523 and 8543 and on devices of tariff heading 8519.  Also, reduced rate applies on music handwritten or printed, illustrated or not, whether or not bound of tariff heading 4904."
EL,REDUCED,NEWSPAPERS,REDUCED_RATE,6.0,"Reduced rate applies only on newspapers and periodicals printed, whether illustrated or with advertisements of tariff heading 4902"
EL,REDUCED,FOODSTUFFS,REDUCED_RATE,13.0,"•For tariff heading 0101 excluded race horses.
•For tariff heading 0106, reduced rate applies only on rabbits, pigeons, quail, pheasants, partridges, hares and other animals and birds, live, intended for human consumption. Animals set are reared for fur. Bees. Mites (insects used in crops instead of pesticides).
•For tariff heading 0301, excluded live fish for decoration"
EL,REDUCED,FOODSTUFFS,REDUCED_RATE,13.0,"For tariff heading 1211 reduced rate applies only artemisia, basil, chamomile, common marjoram, mallow, rosemary, peppermint (mint) of all varieties, oregano, rosemary, sage, mountain tea, bittersweet, hot and spicy cloves, fresh or dry, whether or not cut, broken or powdered"
EL,REDUCED,FOODSTUFFS,REDUCED_RATE,13.0,"For tariff heading 1212 reduced rate applies only on carob, sugar beet, cane, chilled, frozen or dried, whether or not powdered. Pits and almonds fruits and other vegetable products (including roots) chicory, not roasted, of the variety CICHORIUM INTYBUS SATIVUM), which mainly for human consumption and not named nor are they included elsewhere"
EL,REDUCED,FOODSTUFFS,REDUCED_RATE,13.0,"•For tariff heading 1301 reduced rate applies only on mastic (white or not) raw
•For tariff headings 1512,1515 reduced rate applies only on soybean oil, peanut oil, sunflower oil, cotton oil (cottonseed oil), corn oil, sesame oil and their fractions, whether or not refined but not chemically transformed
•For tariff heading 1516 reduced rate applies only on edible mixtures or preparations of animal fats or oils or vegetable or from fractions of various fats or oils of Chapter 15"
EL,REDUCED,FOODSTUFFS,REDUCED_RATE,13.0,"•For tariff heading 0603,0604, reduced rate applies only on flowers and flower buds,  and other parts of plants, without flowers nor flower buds, and greenery, moss and lichens, for bouquets or decorations, fresh.
•For tariff heading 1108, reduced rate applies only on flour milling products, starches of all kinds."
EL,REDUCED,FOODSTUFFS,REDUCED_RATE,13.0,"•For tariff heading 1604 excluded caviar
•For tariff heading 2009 reduced rate applies only on preparations of vegetables , fruits and fruit or other parts of plants , as well as fruit and vegetable juices"
EL,REDUCED,PHARMACEUTICAL_PRODUCTS,EXEMPTED,0.0,Zero rate is applied only on vaccines  for the prevention and diagnosis of Covid-19 disease for tariff heading 3002
EL,REDUCED,AGRICULTURAL_EQUIPMENT,PARKING_RATE,13.0,"Reduced rate applies only on water storage tanks that can be used to store water for irrigation or drainage or firefighting or fish farming of tariff headings 3925, 3926, 6810, 6811, 7309, 7310, 7611, 7612"
EL,REDUCED,AGRICULTURAL_EQUIPMENT,PARKING_RATE,13.0,"Reduced rate applies only on pumps for liquids, air pumps and air compressors for fish tanks, mobile silos, greenhouses, fish tanks made of glass, accumulator shells, floating fish farming structures of tariff headings 8413, 8414, 8716, 9406, 7020, 8479, 8907 which by their nature and characteristics are intended mainly or exclusively for agriculture, animal husbandry or forestry"
EL,REDUCED,AGRICULTURAL_EQUIPMENT,PARKING_RATE,13.0,"Reduced rate applies only on agricultural and forestry tractors, agricultural machines, devices and tools of tariff headings 8701, 8201, 8413, 8419, 8424, 8432, 8433, 8434, 8435, 8436, 8437, which by their nature and characteristics are intended mainly or exclusively for agriculture, animal husbandry or forestry"
EL,REDUCED,FOODSTUFFS,REDUCED_RATE,6.0,"For tariff headings 1213, 1214 and 1005, 1103, 1104 reduced rate applies only straw and husks of raw cereals, whether or not chopped, ground, pressed or pelleted,  Sweden turnips (turnips), fodder beet, fodder roots, fodder (FOIN, LUZERNE), clovers, fodder cabbage, fodder for lupine, vetch and similar livestock products, whether or not agglomerated in the form of pellets and Corn"
EL,REDUCED,PHARMACEUTICAL_PRODUCTS,REDUCED_RATE,6.0,"For tariff heading 2207 reduced rate applies only on denatured ethyl alcohol which is intended as a raw material for the production of antiseptics and pure ethyl alcohol, non-denatured, of agricultural origin, 95% alcoholic strength, available bottled at retail"
EL,REDUCED,FOODSTUFFS,REDUCED_RATE,6.0,"For tariff headings 2301, 2302, 2303, 2304, 2305, 2306, 2307, 2308 reduced rate applies only on residues and wastes of industrial foodstuffs"
EL,REDUCED,MEDICAL_EQUIPMENT,REDUCED_RATE,6.0,"For tariff headings of goods intended for the service of persons with vision disabilities , the reduced rate applies only on wristwatches (Braille) (9102), on writing boards (Braille), measures (Braille) (9017), electronic sticks (6602), 4 track cassette tapes (Braille) (8519), Braille display (8528), scanner (8471), Braille note taker (8472)"
EL,REDUCED,FOODSTUFFS,REDUCED_RATE,6.0,"For tariff heading 2309 reduced rate applies only on foods prepared for animals, excluding food for dogs or cats"
EL,REDUCED,SUPPLY_GAS,REDUCED_RATE,6.0,Reduced rate applies only on supply of natural gas of tariff heading 2711
EL,REDUCED,SUPPLY_ELECTRICITY,REDUCED_RATE,6.0,
EL,REDUCED,PHARMACEUTICAL_PRODUCTS,REDUCED_RATE,6.0,Reduced rate applies only on medicaments for human medicine of tariff heading 3003 and 3004 and vaccines and immunological products for human medicine of tariff heading 3002
EL,REDUCED,AGRICULTURAL_PRODUCTION,REDUCED_RATE,6.0,Fertilizers
EL,REDUCED,MEDICAL_EQUIPMENT,REDUCED_RATE,6.0,"Reduced rate applies only on dialysis filters, hemodialysis, hemodialysis and plasmapheresis of tariff heading 9018 and  lines dialysis, hemodialysis, hemodialysis and plasmapheresis of tariff heading 9018."
EL,REDUCED,MEDICAL_EQUIPMENT,REDUCED_RATE,6.0,"For tariff heading 9018, reduced rate applies only on defibrillators"
EL,REDUCED,LOAN_LIBRARIES,REDUCED_RATE,6.0,On line publications of audiovisual books
EL,REDUCED,CULTURAL_EVENTS,REDUCED_RATE,6.0,The reduced rate applies on admission to cinemas
EL,REDUCED,MEDICAL_CARE,REDUCED_RATE,6.0,The performance of radiotherapy operations - defined in a specific Ministerial Decision - in so far as they are not exempt pursuant to Article 27 of the Greek VAT Code
EL,REDUCED,CULTURAL_EVENTS,REDUCED_RATE,6.0,The reduced rate applies on admission to theatres' plays and to concerts
EL,REDUCED,PHARMACEUTICAL_PRODUCTS,REDUCED_RATE,13.0,
EL,REDUCED,MEDICAL_EQUIPMENT,REDUCED_RATE,13.0,"•For tariff headings of goods intended for the service of persons with disabilities needs,the reduced rate applies only on connection and drainage line, drainage bags (3926), coupling cartridges, clamp (claws) (9018), peritoneal suitcase SMART PD CASE (9018, 4202), consumables for colostomies (3006)"
EL,REDUCED,AGRICULTURAL_PRODUCTION,REDUCED_RATE,13.0,"For tariff heading 3808, excluded insect repellents, disinfectants for household uses, insecticides and cockroaches presented in propellant or powder bottles for household use"
EL,REDUCED,MEDICAL_EQUIPMENT,REDUCED_RATE,13.0,"•For tariff headings of goods intended for the service of persons with disabilities needs, the reduced rate applies only on toilet Lift, handicapped bathtubs (3922), on swimsuit mastectomy, mastectomy bra (6212, 6112, 6211)"
EL,REDUCED,MEDICAL_EQUIPMENT,REDUCED_RATE,13.0,"For tariff headings of goods intended for the service of persons with disabilities needs, the reduced rate applies only on bathroom Seats (3922, 9401), chain pump for mediterranean anemia (9018), tracheostomy system tracheotomy filters (9018), walker (6602, 9021), tripod (6602, 9021)"
EL,REDUCED,MEDICAL_EQUIPMENT,REDUCED_RATE,13.0,"•For tariff headings of goods intended for the service of persons with disabilities needs, the reduced rate applies only on filter bags for liquid filtration collection (3926),Y connectors, venipuncture kit during dialysis (9018), bicarbonate cartridges (2836), titanium binder (9018, 8108)"
EL,REDUCED,MEDICAL_EQUIPMENT,REDUCED_RATE,13.0,"•For tariff headings of goods intended for the service of persons with disabilities needs, the reduced rate applies only on  socks or KG (6115,6217), stump socks (6307)"
EL,REDUCED,MEDICAL_EQUIPMENT,REDUCED_RATE,13.0,"•For tariff heading 8428, reduced rate applies only on special lifting equipment (stairs, lifts, machinery up and down disabled and the like), used for service for the disabled
•For tariff heading 8714, reduced rate applies only on wheelchair spare parts and back"
EL,REDUCED,TRANSPORT_PASSENGERS,REDUCED_RATE,13.0,For tariff heading 6506 reduced rate applies only on bicycle safety headgear (bicycle helmets)
EL,REDUCED,MEDICAL_EQUIPMENT,REDUCED_RATE,13.0,"For tariff heading 9018, reduced rate applies only on contraceptives called ""intrauterine contraceptives"", catheters for human medical use, feeding syringes, blood pressure gauges talking, needles (for insulin pens), artificial kidney needles, insulin injection devices"
EL,REDUCED,MEDICAL_EQUIPMENT,REDUCED_RATE,13.0,"For tariff heading 9021, reduced rate applies only on orthopedic articles and apparatus, including medical bands, bandages and crutches, narthexes, supports and other articles and apparatus for fractures, supplies and appliances intent, devices to facilitate hearing in the deaf and others devices held by hand, carried by persons or introduced to the human body in order to make up for a deficiency or treatment of a disability. The  parts and accessories of above goods are excluded"
EL,REDUCED,CHILDREN_CAR_SEATS,REDUCED_RATE,13.0,"For tariff headings of goods for baby safety and protection, the reduced rate applies only on absorbent diapers for babies, of any material (9619) and car seats for children and their parts (9401)"
EL,REDUCED,PICTURES,REDUCED_RATE,13.0,"Reduced rate applies on tariff heading 9701 for import of art objects, collections or antiquities and delivery of objects of artistic value provided by their creator or successors"
EL,REDUCED,IMPRESSIONS,REDUCED_RATE,13.0,"Reduced rate applies on tariff heading 9702 for import of art objects, collections or antiquities and delivery of objects of artistic value provided by their creator or successors"
EL,REDUCED,SCULPTURE_CASTS,REDUCED_RATE,13.0,"Reduced rate applies on tariff heading 9703 for import of art objects, collections or antiquities and delivery of objects of artistic value provided by their creator or successors"
EL,REDUCED,POSTAGE,REDUCED_RATE,13.0,"Reduced rate applies on tariff heading 9704 for import of art objects, collections or antiquities and delivery of objects of artistic value provided by their creator or successors"
EL,REDUCED,ZOOLOGICAL,REDUCED_RATE,13.0,"Reduced rate applies on tariff heading 9705 for import of art objects, collections or antiquities and delivery of objects of artistic value provided by their creator or successors"
EL,REDUCED,100_YEARS_OLD,REDUCED_RATE,13.0,"Reduced rate applies on tariff heading 9706 for import of art objects, collections or antiquities and delivery of objects of artistic value provided by their creator or successors"
EL,REDUCED,TRANSPORT_PASSENGERS,REDUCED_RATE,13.0,The reduced rate applies ONLY to transport of passengers and their luggage.
EL,REDUCED,ACCOMMODATION,REDUCED_RATE,13.0,"In this category, also the short-term accommodation (airbnb type) is included, only in the case where the lessor is (a) a legal entity or (b) natural person, who shall supply at least 3 immovable properties (e.g. house, flat, rooms in a flat etc) in order to be included. In ALL other cases of short-term accommodation (i.e. NATURAL persons that supply 1 or 2 immovable properties) this service is VAT exempted."
EL,REDUCED,RESTAURANT,REDUCED_RATE,13.0,"The reduced rate (RR) applies to restaurant and catering services, excluding night clubs. Moreover, the RR applies to the delivery or take-away of non-alcoholic beverages (nAB) from companies that are dealing with restaurant and catering services. The standard rate still applies to alcoholic beverages IN ANY CASE (i.e. serving, delivery or take away) and ONLY in the serving of nAB"
EL,REDUCED,SPORTING_EVENTS,REDUCED_RATE,13.0,The reduced rate rate applies ONLY on the use of gym's services
EL,REDUCED,CULTURAL_EVENTS,REDUCED_RATE,13.0,The reduced rate applies on dancing schools
EL,REDUCED,DOMESTIC_CARE,REDUCED_RATE,13.0,
EL,REDUCED,CULTURAL_EVENTS,REDUCED_RATE,13.0,The reduced rate applies on admission to zoos
EL,REDUCED,SOCIAL_WELLBEING,REDUCED_RATE,13.0,"The supply of services by old people’s homes etc in the framework of social wellbeing, in so far as they are not exempt pursuant to Article 27 of the Greek VAT Code"
EL,REDUCED,REGION,REDUCED_RATE,17.0,"The Aegean Islands of Leros, Lesvos, Kos,  Samos and Chios (L. 4811/2021 and Ministerial Decision A 1150/2021)"
EL,REDUCED,NON_OWNED_RESIDENCY_RENOVATION,SUPER_REDUCED_RATE,4.0,"Applies to contract-based works that are solely connected with the removal of architectural barriers that hinder the mobility of persons with disabilities, in private or public buildings, or buildings of public interest."
EL,REDUCED,FOODSTUFFS,REDUCED_RATE,13.0,"•For tariff headings 2103, 2104 reduced rate applies only on dough for puffing dough, prepared,preparations for sauces and sauces prepared, mustard prepared, preparations for soups and broths, prepared soups and broths, ice creams even if they contain cocoa
•For tariff heading 2201 reduced rate applies only on waters , including natural or artificial mineral waters, without added sugar or other sweetening matter, not flavored, not gas, ice and snow"
EL,REDUCED,FOODSTUFFS,REDUCED_RATE,13.0,"For tariff heading 2106 reduced rate applies only on food preparations not elsewhere specified or included, with the exception of food supplements in any form and compound alcohol preparations, other than those based on fragrant substances, of a kind used in the manufacture of beverages"
EL,REDUCED,SUPPLY_WATER,REDUCED_RATE,13.0,
EL,REDUCED,FOODSTUFFS,REDUCED_RATE,13.0,"•For tariff heading 2202 reduced rate applies only on non-alcoholic beverages, without added alcohol in any proportion
• For tariff heading 2201 reduced rate applies only on aerated waters"
ES,REDUCED,FOODSTUFFS,REDUCED_RATE,10.0,As from 01/01/2021 sugar-sweetened beverages are subject to the standard VAT rate (21%)
ES,REDUCED,SUPPLY_WATER,REDUCED_RATE,10.0,
ES,REDUCED,SUSTAINABLE_ENERGY,REDUCED_RATE,10.0,"2026. Temporary use (1st Aug to 30th Sep) for certain electricity supplies, natural gas supply, wood used as firewood ."
ES,REDUCED,PHARMACEUTICAL_PRODUCTS,REDUCED_RATE,10.0,products used for contraception and sanitary protection will be taxed at a VAT reduced 4% VAT rate from now on (see below)
ES,REDUCED,AGRICULTURAL_PRODUCTION,REDUCED_RATE,10.0,
ES,REDUCED,TAPESTRIES,REDUCED_RATE,10.0,
ES,REDUCED,MEDICAL_EQUIPMENT,REDUCED_RATE,10.0,excluding 9018 90 30 subject to 4%
ES,REDUCED,PICTURES,REDUCED_RATE,10.0,
ES,REDUCED,IMPRESSIONS,REDUCED_RATE,10.0,
ES,REDUCED,PHOTOGRAPHS,REDUCED_RATE,10.0,9702.00.00
ES,REDUCED,SCULPTURES,REDUCED_RATE,10.0,
ES,REDUCED,SCULPTURE_CASTS,REDUCED_RATE,10.0,9703.00.00
ES,REDUCED,CERAMICS,REDUCED_RATE,10.0,9703.00.00
ES,REDUCED,ENAMELS,REDUCED_RATE,10.0,9703.00.00
ES,REDUCED,POSTAGE,REDUCED_RATE,10.0,9704.00.00
ES,REDUCED,ZOOLOGICAL,REDUCED_RATE,10.0,9705.00.00
ES,REDUCED,100_YEARS_OLD,REDUCED_RATE,10.0,9706.00.00
ES,REDUCED,STREET_CLEANING,REDUCED_RATE,10.0,
ES,REDUCED,PRIVATE_DWELLINGS,REDUCED_RATE,10.0,
ES,REDUCED,TRANSPORT_PASSENGERS,REDUCED_RATE,10.0,
ES,REDUCED,ACCOMMODATION,REDUCED_RATE,10.0,
ES,REDUCED,RESTAURANT,REDUCED_RATE,10.0,
ES,REDUCED,CULTURAL_EVENTS,REDUCED_RATE,10.0,
ES,REDUCED,SPORTING_EVENTS,REDUCED_RATE,10.0,The 10% rate only applies to the amateur sporting events.
ES,REDUCED,SOCIAL_WELLBEING,REDUCED_RATE,10.0,The 10% rate only applies to not accessory supply of good. The supply of services is exempted
ES,REDUCED,EXEMPTION_SUPERREDUCED,SUPER_REDUCED_RATE,4.0,-
FI,REDUCED,NEWSPAPERS,REDUCED_RATE,10.0,Electronically supplied products are taxed with the reduced rate from the beginning of July 2019.
FI,REDUCED,PERIODICALS,REDUCED_RATE,10.0,Electronically supplied products are taxed with the reduced rate from the beginning of July 2019.
FI,REDUCED,FOODSTUFFS,REDUCED_RATE,13.5,"Excluding live animals and tap water. As a main rule, regarding groups 07, 10, 12 and 15, products used for sowing are excluded. Regarding group 15 products used for industrial uses other than the manufacture of foodstuffs for human or animal consumption are excluded."
FI,REDUCED,PHARMACEUTICAL_PRODUCTS,REDUCED_RATE,13.5,"Restricted to medicines in the meaning of The Medicines Act. Including herbal medicinal products and homeopathic preparations in so far they, according to the registration due to The Med. Act may be sold only at pharmacies. Also including clinical foodstuffs as well as basic creams and ointments in so far they are eligible for reimbursement in accordance with the The Health Insurance Act. Female sanitary protection and incontinence articles and napkins for babies taxed with the reduced rate."
FI,REDUCED,BROADCASTING_SERVICES,REDUCED_RATE,13.5,Tax is paid on the payment from the Radio and Television Fund to the Finnish Broadcasting company and from a similar payment to Ålands radio and TV. (Pay and Cable TV are taxed at standard rate.)
FI,REDUCED,CULTURAL_EVENTS,REDUCED_RATE,13.5,Including entrance fees for rides in amusement parks. Usually exempted or out of the scope of VAT if organized by non-profit making organizations or public bodies.
FI,REDUCED,WRITERS_SERVICES,REDUCED_RATE,13.5,"Including services by athletes. Supply of services by performing artists, and royalties due to them from are taxed with the reduced rate the beginning of April 2019."
FI,REDUCED,SPORTING_EVENTS,REDUCED_RATE,13.5,Usually exempted or out of the scope of VAT if organized by non-profit making organizations or public bodies.
FI,REDUCED,TRANSPORT_PASSENGERS,REDUCED_RATE,13.5,Domestic transport. In class 96.03.12 only carriage of corpses included.
FI,REDUCED,LOAN_LIBRARIES,REDUCED_RATE,13.5,Loan by libraries usually out of the scope of VAT. Electronically supplied products are taxed with the reduced rate from the beginning of July 2019.
FI,REDUCED,PHOTOGRAPHS,REDUCED_RATE,13.5,
FI,REDUCED,TAPESTRIES,REDUCED_RATE,13.5,
FI,REDUCED,PICTURES,REDUCED_RATE,13.5,
FI,REDUCED,IMPRESSIONS,REDUCED_RATE,13.5,
FI,REDUCED,SCULPTURES,REDUCED_RATE,13.5,
FI,REDUCED,SCULPTURE_CASTS,REDUCED_RATE,13.5,
FI,REDUCED,ACCOMMODATION,REDUCED_RATE,13.5,
FI,REDUCED,RESTAURANT,REDUCED_RATE,13.5,Excluding alcoholic beverages.
FR,REDUCED,MEDICAL_CARE,EXEMPTED,0.0,Article 261 4. 1° of the general tax code
FR,REDUCED,REGION,REDUCED_RATE,0.9,"For Corsica: 0.9% on sales of live animals to non-sujected to VAT entities, and on the first performances or circus."
FR,REDUCED,REGION,REDUCED_RATE,1.05,"The super reduced rate in Martinique, Guadeloupe and Réunion is 1.05% (for the press)."
FR,REDUCED,FOODSTUFFS,REDUCED_RATE,5.5,"Comments Products of agricultural, fishery, fish and poultry origin which have not undergone any processing and which are normally intended for use in agricultural production (article 278-0 bis A. 1°-0 bis of the general tax code)."
FR,REDUCED,FOODSTUFFS,REDUCED_RATE,5.5,"Confectionery products, certain composite products containing chocolate or cocoa, margarines and vegetable fats, caviar are taxed at the normal rate (article 278-0 bis A. 1° of the general tax code). Excepted 1604 31 00, 1604 32 00, 1517 10, 1704, 1803, 1805 00 00, 1806 10, 1806 90"
FR,REDUCED,FOODSTUFFS,REDUCED_RATE,5.5,Foodstuffs for animal consumption (article 278-0 bis A. 1°-00 bis of the general tax code). Excepted foodstuffs intended for pet food (2309 10)
FR,REDUCED,PHARMACEUTICAL_PRODUCTS,REDUCED_RATE,5.5,"For sanitary protection for women (article 278-0 bis A 1° bis of the general tax code), and condoms (article 278-0 bis A, 1° ter of the general tax code)"
FR,REDUCED,ANTIQUES,REDUCED_RATE,5.5,The reduced rate do not apply to supplies of such items to which the profit margin scheme is being applied - Article 278-0 bis I of the general tax code
FR,REDUCED,SOLAR_PANELS,REDUCED_RATE,5.5,"From 1 October 2025 - Article 278-0 bis, P of the general tax code"
FR,REDUCED,SUPPLY_HEATING,REDUCED_RATE,5.5,"Subscriptions to deliveries of heat energy distributed by networks, as well as the supply of heat when produced at least 50% from biomass, geothermal, solar thermal energy, waste and recovered energy, and delivery of chilled energy distributed by networks (article 278-0 bis B and B bis of the general tax code)"
FR,REDUCED,STREET_CLEANING,REDUCED_RATE,5.5,Household waste and similar waste collection and treatment services (article 278-0 bis M of the general tax code)
FR,REDUCED,PRIVATE_DWELLINGS,REDUCED_RATE,5.5,Energetic improvement works in more than two years old housings (article 278-0 bis A of the general tax code)
FR,REDUCED,HOUSING_PROVISION,REDUCED_RATE,5.5,"The building land, the construction and some works for social housing (articles 278 sexies, 278 sexies A and 278 sexies-0 A of the general tax code)"
FR,REDUCED,LOAN_LIBRARIES,REDUCED_RATE,5.5,Article 278-0 bis A 3° of the general tax code
FR,REDUCED,DOMESTIC_CARE,REDUCED_RATE,5.5,Article 278-0 bis D of the general tax code
FR,REDUCED,CULTURAL_EVENTS,REDUCED_RATE,5.5,"Shows, theatres, circuses, concerts, cinemas, admission to zoologic parcs, teaching and practice of horseback riding, entry fees for video gaming competitions (article 278-0 bis F, G, L and O of the general tax code)"
FR,REDUCED,SPORTING_EVENTS,REDUCED_RATE,5.5,Article 278-0 bis J of the general tax code
FR,REDUCED,REGION,REDUCED_RATE,8.5,"The standard VAT rate in Martinique, Guadeloupe and Réunion is 8.5%. The reduced rate is 2.1%. There is also a zero VAT rate in Martinique, Guadeloupe and La Reunion, particularly for essential goods and air and see transport."
FR,REDUCED,AGRICULTURAL_PRODUCTION,REDUCED_RATE,10.0,article 278 bis 5° b e of the general tax code. Excepted 2501 00 10 and 2827 39 10
FR,REDUCED,PHARMACEUTICAL_PRODUCTS,REDUCED_RATE,10.0,For non reimbursed pharmaceutical products (article 278 quater of the general tax code)
FR,REDUCED,SUPPLY_WATER,REDUCED_RATE,10.0,Article 279 b 2° of the general tax code
FR,REDUCED,HOUSING_PROVISION,REDUCED_RATE,10.0,The rest of the social housing works (article 279-0 bis A of the general tax code)
FR,REDUCED,PRIVATE_DWELLINGS,REDUCED_RATE,10.0,The rest of the renovation works in more than two years old housings is taxed at 10% (article 279-0 bis of the general tax code)
FR,REDUCED,TRANSPORT_PASSENGERS,REDUCED_RATE,10.0,Article 279 b quater of the general tax code
FR,REDUCED,ACCOMMODATION,REDUCED_RATE,10.0,article 279 a of the general tax code
FR,REDUCED,RESTAURANT,REDUCED_RATE,10.0,Article 279 m of the general tax code (alcoholic beverages excluded)
FR,REDUCED,BROADCASTING_SERVICES,REDUCED_RATE,10.0,Television broadcasting services (article 279 b octies of the general tax code)
FR,REDUCED,CULTURAL_EVENTS,REDUCED_RATE,10.0,"Admission to exhibitions, sites and installations of a cultural, recreational, educational or professional nature (article 279 b nonies of the general tax code)"
FR,REDUCED,WRITERS_SERVICES,REDUCED_RATE,10.0,Royalties (article 279 g of the general tax code)
FR,REDUCED,MEDICAL_EQUIPMENT,REDUCED_RATE,5.5,Article 278-0 bis A 2° of the general tax code
FR,REDUCED,REGION,REDUCED_RATE,13.0,"For Corsica: rate of 13% on oil products; 10% on construction works, sales on farm machinery, sales on eaten in products, etc.; 2.1% (reduced rate)."
FR,REDUCED,PHARMACEUTICAL_PRODUCTS,SUPER_REDUCED_RATE,2.1,For reimbursed pharmaceutical products (article 281 octies of the general tax code)
FR,REDUCED,NEWSPAPERS,SUPER_REDUCED_RATE,2.1,Article 298 septies of the general tax code
FR,REDUCED,PERIODICALS,SUPER_REDUCED_RATE,2.1,Publications of general interest with a direct connection to current affairs
HR,REDUCED,FOODSTUFFS,REDUCED_RATE,5.0,"Edible oils and fats of vegetable or animal origin, baby foods and processed cereal-based foods for infants and young children and food for animals other than pet food, live animals, fresh or chilled meat and edible offal, fresh or chilled fish, molluscs or other aquatic invertebrates, fresh or chilled crustaceans, fresh or chilled crustaceans, fresh and dried fruits and nuts, fresh or chilled vegetables, roots and tubers, including dried leguminous vegetables, fresh poultry eggs in shell."
HR,REDUCED,PHARMACEUTICAL_PRODUCTS,REDUCED_RATE,5.0,Applies to medicines which have the approval of the competent authority for medicines and medical products.
HR,REDUCED,FOODSTUFFS,REDUCED_RATE,5.0,"Reduced rate applies to all types of bread,
and all types of milk (cow, sheep, goat) placed on the market under the same name in the liquid state, fresh, pasteurized, homogenized, condensed (other than sour milk, yoghurt, kefir, chocolate milk and other milk products), substitute for mother’s milk."
HR,REDUCED,MEDICAL_EQUIPMENT,REDUCED_RATE,5.0,"Applies to medical equipment, aids and other appliances normally intended to alleviate or treat disability, for the exclusive personal use of the disabled people, prescribed by an act of general application on orthopaedic and other aids."
HR,REDUCED,LOAN_LIBRARIES,REDUCED_RATE,5.0,"Applies to books of professional, scientific, artistic, cultural or educational content, textbooks for education, for primary, secondary and tertiary education, other than those that contain, in whole or for the most part, advertisements or serve for advertising, and other than those that contain, in whole or for the most part, video recording or music content."
HR,REDUCED,SUPPLY_GAS,REDUCED_RATE,5.0,"Applies to supply of natural gas, including fees related to that supply, made until March 31, 2027."
HR,REDUCED,CULTURAL_EVENTS,REDUCED_RATE,5.0,"Applies to tickets for cinema, tickets for concerts and cultural events."
HR,REDUCED,SPORTING_EVENTS,REDUCED_RATE,5.0,Applies to tickets for sporting events of a competitive or revival character.
HR,REDUCED,SUPPLY_HEATING,REDUCED_RATE,5.0,"Applies to supply of heating from heating stations, including charges relating to such supplies made until March 31, 2027."
HR,REDUCED,SUPPLY_WATER,REDUCED_RATE,13.0,"Applies to supply of water, other than water marketed in bottles or other packaging, in terms of public water supply and public drainage under special regulation."
HR,REDUCED,SUPPLY_ELECTRICITY,REDUCED_RATE,13.0,"Applies to supply of electricity towards other supplier or end-user, including fees related to the supply."
HR,REDUCED,UNDERTAKERS_SERVICES,REDUCED_RATE,13.0,Applies to supplies of urns and coffins
HR,REDUCED,NEWSPAPERS,REDUCED_RATE,13.0,"Applies to newspapers and periodicals of a newspaper publisher with the status of a medium, as well as those for which there is no obligation to issue the medium status under special regulation, other than those referred to in paragraph 2 item g) of Article 38, issued periodically and other than those that contain, in whole or for the most part, advertisements or serve for advertising, and other than those that contain, in whole or for the most part, video recording or music content."
HR,REDUCED,CHILDREN_CAR_SEATS,REDUCED_RATE,13.0,"Applies to car seats for children. 
Reduced rate of 13% applies also on baby diapers."
HR,REDUCED,ACCOMMODATION,REDUCED_RATE,13.0,"Applies to accommodation services or accommodation with breakfast, half board or full board in hotels and similar facilities, including holiday accommodation, rental of premises in recreation camps or in places designated for camping and accommodation in nautical tourism facilities on water."
HR,REDUCED,WRITERS_SERVICES,REDUCED_RATE,13.0,"Applies to services and related copyright of writers, composers and performing artists who are members of relevant organisations for collective exercising of rights and supplying those services under special regulations in the field of copyright and related rights with prior authorisation of government authority competent for intellectual property."
HR,REDUCED,STREET_CLEANING,REDUCED_RATE,13.0,"Applies to public service of collecting mixed communal waste, biodegradable communal waste and separate waste collection according to a special regulation"
HR,REDUCED,RESTAURANT,REDUCED_RATE,13.0,Preparation and serving of food and desserts in and outside of catering facilities in accordance with special regulation.
HR,REDUCED,PHARMACEUTICAL_PRODUCTS,REDUCED_RATE,13.0,"Applies to menstrual products: sanitary pads, daily pads, tampons, menstrual cups, menstrual panties, menstrual sponge, menstrual disc, etc., which are used specifically during menstruation, regardless of whether they are intended for single or multiple use."
HR,REDUCED,AGRICULTURAL_PRODUCTION,REDUCED_RATE,5.0,"Pesticides and other agrochemical products are insecticides, rodenticides, fungicides, herbicides, anti-germination agents, plant growth regulators, disinfectants and similar products, put up in forms or packings for individual sale or as preparations or articles of CN 3808.
Residues and waste from the food industry and prepared animal food from Ch. 23 excluding greaves CN 2301 10, wine lees and tartar CN 2307 and other than dog and cat food, put up in packings for individual sale CN 2309 10;"
HR,REDUCED,WOOD_ARTICLE98,REDUCED_RATE,5.0,"Applies to supply of firewood, pellets, briquettes and wood chips made until March 31, 2027."
HR,REDUCED,PERIODICALS,REDUCED_RATE,5.0,Applies to scientific periodicals
HR,REDUCED,NEWSPAPERS,REDUCED_RATE,5.0,"Applies to newspaper of the newspaper publisher which has the status of a medium, published daily, other than those that contain, in whole or for the most part, advertisements or serve for advertising, and other than those that contain, in whole or for the most part, video recording or music content."
HU,REDUCED,NEWSPAPERS,EXEMPTED,0.0,Daily newspapers (journals published at least four times in a week)
HU,REDUCED,FOODSTUFFS,REDUCED_RATE,5.0,Pure-bred cattle for breeding
HU,REDUCED,FOODSTUFFS,REDUCED_RATE,5.0,"Other, live domestic bovines"
HU,REDUCED,FOODSTUFFS,REDUCED_RATE,5.0,Pure-bred breeding swine
HU,REDUCED,FOODSTUFFS,REDUCED_RATE,5.0,"Domestic swine, weighing less than 50 kg"
HU,REDUCED,FOODSTUFFS,REDUCED_RATE,5.0,"Live sows, having farrowed at least once, of a weight of not less than 160 kg"
HU,REDUCED,FOODSTUFFS,REDUCED_RATE,5.0,"Live domestic swine, of a weight of not less than 50 kg"
HU,REDUCED,FOODSTUFFS,REDUCED_RATE,5.0,Pure-bred sheep for breeding
HU,REDUCED,FOODSTUFFS,REDUCED_RATE,5.0,"Other, live domestic sheep"
HU,REDUCED,FOODSTUFFS,REDUCED_RATE,5.0,Pure-bred breeding goats
HU,REDUCED,FOODSTUFFS,REDUCED_RATE,5.0,"Other, live domestic goats"
HU,REDUCED,FOODSTUFFS,REDUCED_RATE,5.0,"Meat of domestic bovine animals, fresh or chilled, carcasses and half-carcasses"
HU,REDUCED,FOODSTUFFS,REDUCED_RATE,5.0,"Meat of domestic bovine animals, fresh or chilled, other cuts with bone in, “compensated” quarters"
HU,REDUCED,FOODSTUFFS,REDUCED_RATE,5.0,"Meat of domestic bovine animals, fresh or chilled, other cuts with bone in, unseparated or separated forequarters"
HU,REDUCED,FOODSTUFFS,REDUCED_RATE,5.0,"Meat of domestic bovine animals, fresh or chilled, other cuts with bone in, unseparated or separated hindquarters"
HU,REDUCED,FOODSTUFFS,REDUCED_RATE,5.0,"Meat and edible offal of domestic bovines, fresh chilled or frozen"
HU,REDUCED,FOODSTUFFS,REDUCED_RATE,5.0,"Meat of domestic bovine animals, frozen, carcasses and half-carcasses"
HU,REDUCED,FOODSTUFFS,REDUCED_RATE,5.0,"Meat of domestic bovine animals, frozen, other cuts with bone in, “compensated” quarters"
HU,REDUCED,FOODSTUFFS,REDUCED_RATE,5.0,"Meat of domestic bovine animals, frozen, other cuts with bone in, unseparated or separated forequarters"
HU,REDUCED,FOODSTUFFS,REDUCED_RATE,5.0,"Meat of domestic bovine animals, frozen, other cuts with bone in, unseparated or separated hindquarters"
HU,REDUCED,FOODSTUFFS,REDUCED_RATE,5.0,"Meat of domestic swine, fresh, chilled or frozen"
HU,REDUCED,FOODSTUFFS,REDUCED_RATE,5.0,"Domestic swine whole or halved, fresh or chilled"
HU,REDUCED,FOODSTUFFS,REDUCED_RATE,5.0,"Domestic swine whole or halved, frozen"
HU,REDUCED,FOODSTUFFS,REDUCED_RATE,5.0,"Carcasses and half-carcasses of lamb, fresh or chilled"
HU,REDUCED,FOODSTUFFS,REDUCED_RATE,5.0,"Other meat of sheep, fresh or chilled, carcasses and half-carcasses"
HU,REDUCED,FOODSTUFFS,REDUCED_RATE,5.0,"Other meat of sheep, fresh or chilled, other cuts with bone in, short forequarters"
HU,REDUCED,FOODSTUFFS,REDUCED_RATE,5.0,"Carcasses and half-carcasses of domestic lamb, frozen"
HU,REDUCED,FOODSTUFFS,REDUCED_RATE,5.0,"Other meat of domestic sheep, frozen, carcasses and half-carcasses"
HU,REDUCED,FOODSTUFFS,REDUCED_RATE,5.0,"Other meat of sheep, frozen, other cuts with bone in, short forequarters"
HU,REDUCED,FOODSTUFFS,REDUCED_RATE,5.0,"Meat of domestic goats, fresh or chilled, carcasses and half-carcasses"
HU,REDUCED,FOODSTUFFS,REDUCED_RATE,5.0,"Meat of domestic goats, fresh or chilled, short forequarters"
HU,REDUCED,FOODSTUFFS,REDUCED_RATE,5.0,"Meat of domestic goats, frozen, carcasses and half-carcasses"
HU,REDUCED,FOODSTUFFS,REDUCED_RATE,5.0,"Meat of domestic goats, frozen, short forequarters"
HU,REDUCED,FOODSTUFFS,REDUCED_RATE,5.0,"Meat and edible meat offal of domestic swine, fresh, chilled or frozen"
HU,REDUCED,FOODSTUFFS,REDUCED_RATE,5.0,"Meat and edible offal, of the poultry of heading 0105, fresh, chilled or frozen"
HU,REDUCED,FOODSTUFFS,REDUCED_RATE,5.0,"Live fish suitable for human consumption, excluding ornamental fish"
HU,REDUCED,FOODSTUFFS,REDUCED_RATE,5.0,"Fish suitable for human consumption (including skins, roes, milt and livers thereof and other edible fish offal), fresh, chilled or frozen, excluding sharks"
HU,REDUCED,FOODSTUFFS,REDUCED_RATE,5.0,"Fish fillets and other fish meat (whether or not minced), fresh, chilled or frozen, suitable for human consumption, excluding shark meat"
HU,REDUCED,FOODSTUFFS,REDUCED_RATE,5.0,"Milk and milk products (excluding mother’s milk, and the products under the rate 5%)"
HU,REDUCED,FOODSTUFFS,REDUCED_RATE,5.0,Milk (excluding mother’s milk)
HU,REDUCED,FOODSTUFFS,REDUCED_RATE,5.0,"Birds’ eggs, in shell, fresh"
HU,REDUCED,PHARMACEUTICAL_PRODUCTS,REDUCED_RATE,5.0,"human medical products, but the standard rate is applicable to products for veterinary purposes"
HU,REDUCED,FOODSTUFFS,REDUCED_RATE,5.0,"Dietary supplements for special medicinal purposes (foodstuffs), mother’s milk substitutes and supplements (foodstuffs)"
HU,REDUCED,MEDICAL_EQUIPMENT,REDUCED_RATE,5.0,"Braille-boards, plastic"
HU,REDUCED,LOAN_LIBRARIES,REDUCED_RATE,5.0,Books (including books reproduced on any form of physical support or medium)
HU,REDUCED,LOAN_LIBRARIES,REDUCED_RATE,5.0,"Periodicals, other newspapers (journals published at least once in a year)"
HU,REDUCED,LOAN_LIBRARIES,REDUCED_RATE,5.0,Sheet-music (including sheet-music reproduced on any form of physical support or medium)
HU,REDUCED,ANTIQUES,REDUCED_RATE,5.0,importation of works of art
HU,REDUCED,MEDICAL_EQUIPMENT,REDUCED_RATE,5.0,White canes for the blind
HU,REDUCED,MEDICAL_EQUIPMENT,REDUCED_RATE,5.0,Perforators for the blind
HU,REDUCED,MEDICAL_EQUIPMENT,REDUCED_RATE,5.0,"Braille-boards, metal"
HU,REDUCED,MEDICAL_EQUIPMENT,REDUCED_RATE,5.0,"Braille typewriter, Braille printer, Braille display for the blind"
HU,REDUCED,MEDICAL_EQUIPMENT,REDUCED_RATE,5.0,Signal processing unit for the blind and for the hearing impaired (sold at cost by the Association to its members)
HU,REDUCED,MEDICAL_EQUIPMENT,REDUCED_RATE,5.0,Telephone operator adapters for the blind
HU,REDUCED,MEDICAL_EQUIPMENT,REDUCED_RATE,5.0,Braille-clocks for the blind
HU,REDUCED,HOUSING_PROVISION,REDUCED_RATE,5.0,New residential unit proposed or existing in a multi-unit residential building with a total net floor space not exceeding 150 square meter
HU,REDUCED,HOUSING_PROVISION,REDUCED_RATE,5.0,New single-unit residential building with a total net floor space not exceeding 300 square meters
HU,REDUCED,HOUSING_PROVISION,REDUCED_RATE,5.0,"New residential unit with a total net floor space not exceeding 150 square meters, proposed or existing in a multi-unit residential building situated in brownfield sites"
HU,REDUCED,TRANSPORT_PASSENGERS,REDUCED_RATE,5.0,"'Hop on hop off' guided city tour by bus (scheduled transport)
The reduced rate is subject to a condition: the service provider shall ensure electronic payment."
HU,REDUCED,ACCOMMODATION,REDUCED_RATE,5.0,
HU,REDUCED,RESTAURANT,REDUCED_RATE,5.0,"in restaurants meals and food, and supply of non-alcoholic beverages prepared on site"
HU,REDUCED,BROADCASTING_SERVICES,REDUCED_RATE,5.0,Internet access service
HU,REDUCED,WRITERS_SERVICES,REDUCED_RATE,5.0,"supply of instrumental music services rendered by performing artists, such as live instrumental music provided in: places serving restauration or entertainment purposes, private events among family members or friends, certain events without admission fee."
HU,REDUCED,FOODSTUFFS,REDUCED_RATE,18.0,"Dairy products [excluding imitation milk drinks (milk-derivative-based drinks), usually containing a mixture of milk and permeates - or whey and/or cream -, whose quality and quantitative composition differs from natural milk, and contains significantly less protein than natural milk]"
HU,REDUCED,FOODSTUFFS,REDUCED_RATE,18.0,Cheese-based desserts
HU,REDUCED,FOODSTUFFS,REDUCED_RATE,18.0,"Cereals, flour, starch or milk products
(excluding the products under the rate 5%)"
HU,REDUCED,FOODSTUFFS,REDUCED_RATE,18.0,Flavored milk
HU,REDUCED,CULTURAL_EVENTS,REDUCED_RATE,18.0,entrance to open-air festival
IE,REDUCED,PHOTOGRAPHS,REDUCED_RATE,13.5,
IE,REDUCED,TAPESTRIES,REDUCED_RATE,13.5,
IE,REDUCED,CERAMICS,REDUCED_RATE,13.5,
IE,REDUCED,AGRICULTURAL_PRODUCTION,REDUCED_RATE,13.5,
IE,REDUCED,MEDICAL_EQUIPMENT,REDUCED_RATE,13.5,Repairs to medical equipment apply at the 13.5% rate.
IE,REDUCED,PICTURES,REDUCED_RATE,13.5,
IE,REDUCED,IMPRESSIONS,REDUCED_RATE,13.5,
IE,REDUCED,SCULPTURES,REDUCED_RATE,13.5,
IE,REDUCED,SCULPTURE_CASTS,REDUCED_RATE,13.5,
IE,REDUCED,ENAMELS,REDUCED_RATE,13.5,
IE,REDUCED,100_YEARS_OLD,REDUCED_RATE,13.5,
IE,REDUCED,HOUSING_PROVISION,REDUCED_RATE,13.5,"9% applies to the supply and construction of apartments
13.5% VAT applies to all other construction"
IE,REDUCED,PRIVATE_DWELLINGS,REDUCED_RATE,13.5,13.5% VAT applies to all other construction
IE,REDUCED,FOODSTUFFS,EXEMPTED,0.0,"The Zero Rate of VAT applies to the supply of foodstuffs like bread, butter, cheese, cereals, condiments, flour, fruit, herbs, meat, milk, pasta, pastes, sauces, soups, spices, sugar and vegetables, (fresh or frozen). This is not an exhaustive list, but an indicative one. When supplied in the course of catering or from a vending machine, these foods become liable to the reduced rate. Certain other foods are Standard Rated."
IE,REDUCED,FOODSTUFFS,EXEMPTED,0.0,"The supply of bakery products, such as cakes, certain biscuits, bagels and croissants, (being flour or egg based) is liable to VAT at the reduced rate  . This applies when the products are served with meals or supplied as a cold take-away. The supply of bread that meets the ingredient definition in Irish VAT legislation is liable to the zero rate. Food Supplement Products are also subject to the reduced rate."
IE,REDUCED,FOODSTUFFS,EXEMPTED,0.0,"Animal feeding stuffs, (other than that which is packaged, sold, or otherwise for dogs, cats, cage birds or domestic pets, which is Standard-rated)"
IE,REDUCED,PHARMACEUTICAL_PRODUCTS,EXEMPTED,0.0,"Human Oral Medicine, Oral and Non-oral hormone replacement therapy, Oral and Non-oral Nicotine Replacement Therapy, Oral Contraception, and sanitary products are zero-rated for VAT purposes (e. Animal Oral medicine is also zero-rated (excluding medicine for dogs, cats, cage birds or domestic pets, which is standard rated. All non-oral animal medicines are also standard rated.)"
IE,REDUCED,LOAN_LIBRARIES,EXEMPTED,0.0,"The Zero Rate applies to newspapers, printed books, e-books, audiobooks, atlases, annual publications, children’s picture, colouring and music books. For a printed booklet to qualify for the zero rating, it must consist of essentially pictorial or textual matter, must have a distinctive front cover devoid of body text, must be no less than eight pages (excluding the cover) and must be bound, stitched or stapled."
IE,REDUCED,MEDICAL_EQUIPMENT,EXEMPTED,0.0,"Comments Certain Medical equipment, aids and their parts are at the 0% VAT rate. This includes, invalid carriages, orthopaedic appliances, surgical belts, artificial limbs, artificial parts of the body,  and deaf aids, walking frames, crutches, and parts of same. This does not include artificial teeth, corrective spectacles, or contact lenses. For specific queries, more detail can be found on the Revenue Commissioner's VAT Rates Database - https://www.revenue.ie/en/vat/vat-rates/index.aspx"
IE,REDUCED,SOLAR_PANELS,EXEMPTED,0.0,"Zero rate of VAT applies to the supply and installation of solar panels in private dwellings (from 1 May 2023); and to primary and secondary schools from 1 January 2024.
A 9% VAT rate applies to the supply and installation of heat pump systems from 1 January 2025. HS Code 84139190"
IE,REDUCED,MEDICAL_CARE,NOT_APPLICABLE,0.0,
IE,REDUCED,SHOES_REPAIR,NOT_APPLICABLE,0.0,
IE,REDUCED,CLOTHING_REPAIR,NOT_APPLICABLE,0.0,
IE,REDUCED,FOODSTUFFS,REDUCED_RATE,9.0,"Restaurant food, food served in canteens, and take away food is subject to the reduced rate of VAT of 9%."
IE,REDUCED,LOAN_LIBRARIES,REDUCED_RATE,9.0,"9% applies to brochures, leaflets, programmes, catalogues, directories, maps, hydrographic and similar charts, and printed music- other than in book or booklet form; excluding matter devoted to advertising. The rate for these items was temporarily reduced from 13.5% to 9% from 1 November 2020 to 31 August 2023."
IE,REDUCED,LOAN_LIBRARIES,REDUCED_RATE,9.0,"9% applies to periodicals (in printed form or electronically supplied), and electronically supplied books, excluding publications wholly or predominantly dedicated to advertising, and electronic publications which consist wholly or predominantly of audible music or video content."
IE,REDUCED,RESTAURANT,REDUCED_RATE,9.0,9% VAT from 01/07/2026
IE,REDUCED,HAIRDRESSING,REDUCED_RATE,9.0,9% rate applies from 01/07/2026
IE,REDUCED,PHARMACEUTICAL_PRODUCTS,REDUCED_RATE,13.5,"Non-oral contraceptive products are liable at the 13.5% rate, including condoms and contraceptive gels. 
Non-oral pharmaceutical products are standard-rated. For specific queries, more detail can be found on the Revenue Commissioner's VAT Rates Database - https://www.revenue.ie/en/vat/vat-rates/index.aspx"
IE,REDUCED,ACCOMMODATION,REDUCED_RATE,13.5,
IE,REDUCED,WINDOW_CLEANING,REDUCED_RATE,13.5,13.5% VAT applies to all other construction
IE,REDUCED,STREET_CLEANING,REDUCED_RATE,13.5,"Street cleaning and refuse collecting apply at the 13.5% rate, waste treatment is at the standard VAT rate of 23%."
IE,REDUCED,CULTURAL_EVENTS,REDUCED_RATE,13.5,The rate for these items was temporarily reduced from 13.5% to 9% from 1 November 2020 to 31 August 2023.
IT,REDUCED,FOODSTUFFS,REDUCED_RATE,10.0,"Meat, parts and offal of domestic rabbits, pigeons, hares, partridges, pheasants, frogs and other live animals intended for human consumption, fresh, chilled, salted or in brine, dried or smoked.
0208 90 10 0208 10 90 (if hare meat)."
IT,REDUCED,FOODSTUFFS,REDUCED_RATE,10.0,"lard, including unpressed or melted pork fat, fresh, chilled, frozen or deep-frozen, salted or pickled, dried or smoked"
IT,REDUCED,FOODSTUFFS,REDUCED_RATE,10.0,"Poultry fat not pressed or melted, fresh, chilled, salted or in brine, dried, smoked, frozen or deep-frozen"
IT,REDUCED,FOODSTUFFS,REDUCED_RATE,10.0,"meat and edible parts of  horses, asses, mules and hinnies, bovine animals  (including the buffalo genus), swine, sheep and goats, fresh, chilled, frozen or deep-frozen, salted or in brine, dried or smoked"
IT,REDUCED,FOODSTUFFS,REDUCED_RATE,10.0,"Edible offal of horses, asses, mules and hinnies, bovine animals (including the buffalo genus), swine, sheep and goats, fresh, chilled, frozen or deep-frozen, salted or in brine, dried or smoked"
IT,REDUCED,FOODSTUFFS,REDUCED_RATE,10.0,"Rice, oats, other minor cereals, broken or crushed, intended for uses other than the zootechnical one. 
1006 20, 1006 30, 1006 40, 1007 90, 1008, 1104 1210 , 1104 1910, 1104 1930, 1104 1950, 1104 2295, 1104 2398 if not intended for zootechnical use."
IT,REDUCED,FOODSTUFFS,REDUCED_RATE,10.0,"Flours of the dry legumes included in v. d. (07.05 of 1987) (current 07.13) or fruit included in chapter 8 of the Customs Tariff; flours and meal of sago and of roots and tubers included in v. d. (07.06 of 1987) (current 07.14); flour, semolina and potato flakes"
IT,REDUCED,FOODSTUFFS,REDUCED_RATE,10.0,"Malt, whether or not roasted"
IT,REDUCED,FOODSTUFFS,REDUCED_RATE,10.0,Starches and starches; inulin
IT,REDUCED,FOODSTUFFS,REDUCED_RATE,10.0,"Gluten and gluten flour, whether or not roasted"
IT,REDUCED,FOODSTUFFS,REDUCED_RATE,10.0,"Linseed and castor seeds; other oily seeds and fruits not intended for de-oiling, excluding crushed ones.
The CN code 1207 992090 is included.
1205 1090, 1205 90, 1206 0091, 1206 0099, 1207 10, 1207 29, 1207 4090, 1207 5090, 1207 60, 1207 70, 1207 9190, 1207 992090, 1207 9991, 1207 9996 excluding those intended for oil extraction and those crushed."
IT,REDUCED,FOODSTUFFS,REDUCED_RATE,10.0,"Fruit otherwise prepared or preserved, even with added sugar. 2008 91 without added alcohol"
IT,REDUCED,FOODSTUFFS,SUPER_REDUCED_RATE,4.0,"Edible vegetables and plants (NO truffles, fresh, chilled) in salted or sulphured water or with the addition of other substances suitable for temporarily ensuring their conservation, not prepared for immediate consumption; dried, dehydrated or evaporated, whether or not cut, but not otherwise prepared. 
071220,071231,071232,071233,071239,07129005,07129030,07129050 neither
ground nor pulverized.
0711590011,0711590019,0712909010,0712909050 neither ground nor pulverized are included. No pellets"
IT,REDUCED,FOODSTUFFS,SUPER_REDUCED_RATE,4.0,"Olive oil, vegetable oils intended for human or animal consumption, including crude oils intended directly for refining for food use.
All the items (except for 1509 and 1510 00)  if vegetable oils intended for human or animal consumption, including crude oils intended directly for refining for food use."
IT,REDUCED,FOODSTUFFS,REDUCED_RATE,10.0,"edible dead poultry, fresh, chilled, frozen or deep frozen (including meat, offal and parts of animals, fresh, chilled, salted or in brine, dried or smoked, frozen or deep-frozen)"
IT,REDUCED,FOODSTUFFS,REDUCED_RATE,10.0,"Fresh fish live or dead chilled frozen or deep-frozen intended for food use simply salted or in brine dried or smoked Crustaceans&molluscs including testaceans whether or not separated from their shells fresh chilled frozen or deep-frozen dried salted or in brine, excluding lobsters and crawfish and oysters; crustaceans in shell simply cooked in water or by steaming excluding lobsters and crawfish.
030192,030193,030194,030195,03019903 only human consumption.
Including 0306 399020,0306 999020"
IT,REDUCED,FOODSTUFFS,SUPER_REDUCED_RATE,4.0,"Edible vegetables and plants, whether or not cooked, frozen or deep-frozen
A reduced rate of 4% applies also to the following items: 0710 8095 30, 0710 8095 50, 0710 8095 60, 0710 8095 78 2004 90"
IT,REDUCED,FOODSTUFFS,SUPER_REDUCED_RATE,4.0,Animal or vegetable margarine
IT,REDUCED,FOODSTUFFS,SUPER_REDUCED_RATE,4.0,"Pasta products; crackers and rusks; bread, seafood biscuits and other ordinary bakery products, including those containing ingredients and substances permitted by Title III of Law No 580 of 4 July 1967, without added sugar, honey, eggs or cheese"
IT,REDUCED,FOODSTUFFS,SUPER_REDUCED_RATE,4.0,"Peeled tomatoes and tomato preserves; olives in brine.
2005 70 00 if olives in brine"
IT,REDUCED,LIVE_EQUINES,REDUCED_RATE,5.0,DL 113/2024 -live horses intended for purposes other than food for sales that take place by 31 December of the year following the year of birth
IT,REDUCED,MEDICAL_EQUIPMENT,REDUCED_RATE,5.0,"Articles of protective clothing for health purposes such as latex, vinyl and nitrile gloves, protective goggles and visors, protective suits, footwear and overshoes, caps, waterproof gowns, surgical gowns; thermometers; disinfectant hand cleaners; wall dispenser for disinfectants; hydroalcoholic solution in liters; 3 percent peroxide in liters; emergency trolleys; RNA extractors;"
IT,REDUCED,FOODSTUFFS,REDUCED_RATE,10.0,"Fresh fish (live or dead), chilled, frozen or deep-frozen, intended for food use"
IT,REDUCED,FOODSTUFFS,SUPER_REDUCED_RATE,4.0,"Bran, sharps and other residues from the screening, milling or other processing of cereals and legumes"
IT,REDUCED,FOODSTUFFS,SUPER_REDUCED_RATE,4.0,"Simple feed of vegetable origin; integrated feed containing cereals and/or related flours and/or sugar; simple compound feed containing, in excess of 50%, cereals included in this part of the table."
IT,REDUCED,MEDICAL_EQUIPMENT,SUPER_REDUCED_RATE,4.0,Gas for therapeutic use; artificial kidneys
IT,REDUCED,CHEMICAL_FERTILISERS,SUPER_REDUCED_RATE,4.0,"Fertilizers referred to in Law of 19 October 1984, No 748; organisms considered useful for biological control in agriculture
3101, 3102, 3103, 3104, 3105 if fertilizers or plant protection products."
IT,REDUCED,LOAN_LIBRARIES,SUPER_REDUCED_RATE,4.0,"Newspapers and daily newsletters, news agency dispatches, books, periodicals, including in Braille writing and on audio-magnetic media for the blind and visually impaired, with the exception of pornographic newspapers and periodicals and catalogs other than those of book information, printed musical editions and geographic maps, including printed globes; paper needed for printing them."
IT,REDUCED,PHARMACEUTICAL_PRODUCTS,REDUCED_RATE,5.0,"Instrumentation for in vitro diagnostics for COVID-19: 1.1) COVID-19 diagnostic and reactive kits based on immunologic reactions; 1.2) Kit for COVID-19 diagnosis consisting of: vial containing a culture medium for the maintenance of a viral sample and a swab with a cotton tip to collect the sample; 1.3) Instrumentation for sampling. 
The CN code 3822 19 00 10 is also included."
IT,REDUCED,MEDICAL_EQUIPMENT,REDUCED_RATE,5.0,"Diagnostic instrumentation for COVID-19; swabs for clinical analyzes; sterile test tubes; equipment for the construction of field hospitals (hospital beds, tents, plastic tents)"
IT,REDUCED,MEDICAL_EQUIPMENT,REDUCED_RATE,5.0,Pulmonary ventilators for intensive and sub-intensive care; multi-parameter monitor also for transport; infusion pumps for drugs and peristaltic pumps for enteral feeding; endotracheal tubes; helmets for continuous positive pressure ventilation; non-invasive ventilation masks; suction systems; humidifiers; laryngoscopes; vascular access instrumentation; electric vacuum cleaner; monitoring center for intensive care; portable ultrasound scan; electrocardiograph; computerized tomograph.
IT,REDUCED,FOODSTUFFS,REDUCED_RATE,10.0,"Flour from oily seeds and fruits, without oil extraction, excluding mustard flou"
IT,REDUCED,FOODSTUFFS,REDUCED_RATE,10.0,"Seeds, spores and fruit for sowing"
IT,REDUCED,FOODSTUFFS,REDUCED_RATE,10.0,"Hop cones. 
1210 20  excluding lupulin and lupulin powder"
IT,REDUCED,FOODSTUFFS,REDUCED_RATE,10.0,Algae
IT,REDUCED,FOODSTUFFS,REDUCED_RATE,10.0,"Sugar beets, whether or not cut into strips, fresh or dried"
IT,REDUCED,FOODSTUFFS,REDUCED_RATE,10.0,"Chicory roots, fresh or dried, whether or not cut, unroasted; fresh or dried carobs; fruit kernels and plant products used principally in human consumption, not elsewhere specified or included.
1212 94 excluding those roasted"
IT,REDUCED,FOODSTUFFS,REDUCED_RATE,10.0,"Straw and husk of cereals, flock, whether or not chopped"
IT,REDUCED,FOODSTUFFS,REDUCED_RATE,10.0,"Fodder beets, turnips, fodder roots; hay, alfalfa, sainfoin, clover, forage cabbage, lupine, vetch and other similar forage products"
IT,REDUCED,FOODSTUFFS,REDUCED_RATE,10.0,"Vegetable juices and extracts of hops; manna.
1307 19 70 (manna)"
IT,REDUCED,FOODSTUFFS,REDUCED_RATE,10.0,"Lard and other pressed or melted pork fat, goose fat and other poultry fat, pressed or melted.
1501 if pressed or melted"
IT,REDUCED,FOODSTUFFS,REDUCED_RATE,10.0,"sevi (of bovine, ovine and caprine species), raw or processed, including sevi called ""first sauce"", intended for human or animal consumption.
1502 1090 raw or processed, intended for human or animal consumption."
IT,REDUCED,FOODSTUFFS,REDUCED_RATE,10.0,"lard stearin, oleostearin, lard oil and not emulsified oleo-oil, not mixed or otherwise prepared, intended for human or animal consumption.
1503 0019 e 1503 0090 if for human or animal consumption"
IT,REDUCED,FOODSTUFFS,REDUCED_RATE,10.0,"fats and oils of fish and marine mammals, whether or not refined, for human or animal consumption.
1504 10, 1504 2090 e 1504 3090  if for human or animal consumption."
IT,REDUCED,FOODSTUFFS,REDUCED_RATE,10.0,"Other animal fats and oils intended for animal nutrition; crude vegetable oils intended for human or animal consumption.
1506 if for human or animal consumption; 15071090, 15081090,15111090,15121191, 15121199,15122190,15131191,15131199,1532130,15132190, 15141190,15149190,151511, 15152190,15153090,15155019,15159011,15159029,15159051,15159059 raw, if for human or animal consumption."
IT,REDUCED,FOODSTUFFS,SUPER_REDUCED_RATE,4.0,"Leguminous vegetables, dried, shelled, whether or not skinned or split"
IT,REDUCED,FOODSTUFFS,SUPER_REDUCED_RATE,4.0,"Edible fruit, fresh or dried or temporarily preserved; fruit, whether or not cooked, frozen or deep-frozen without added sugar.
A reduced rate of 4% applies also to the following items: 0806 1010 05, 0806 1010 90"
IT,REDUCED,TEMPORARY_EXEMPTION_RATE,SUPER_REDUCED_RATE,4.0,paper needed for their printing and the printing of acts and publications of the Chamber of Deputies and Senate of the Republic; printed matter and similar material relating to electoral campaigns if commissioned by candidates or their lists or by political parties or movements of political opinion;The reduced rate also applies to paper and printed matter.
IT,REDUCED,FOODSTUFFS,REDUCED_RATE,10.0,"roasted chicory and other roasted coffee substitutes and extracts thereof; extracts or essences of coffee, tea, mate and chamomile; preparations based on these extracts or essence.
The CN code 1211 908690 (chamomile) is also included."
IT,REDUCED,FOODSTUFFS,REDUCED_RATE,10.0,"Natural yeasts, live or dead, prepared artificial yeasts"
IT,REDUCED,FOODSTUFFS,REDUCED_RATE,10.0,"Sauces; compound seasonings; preparations for soups, broths, broths; soups, broths, broths, preparations; homogenized compound food preparations."
IT,REDUCED,FOODSTUFFS,REDUCED_RATE,10.0,Prepared mustard and mustard flour
IT,REDUCED,FOODSTUFFS,REDUCED_RATE,10.0,"Food preparations not elsewhere specified or included, except syrups of any kind"
IT,REDUCED,SUPPLY_WATER,REDUCED_RATE,10.0,Water. 2201 90 excluding ice or snow.  reduced rate of 10% applies also to the following items: 2202 9991 90; 2202 9995 90; 2202 9999 90. For mineral waters and beer the applicable rate is the ordinary rate.
IT,REDUCED,FOODSTUFFS,REDUCED_RATE,10.0,wine vinegar; edible non-wine vinegars and their substitutes
IT,REDUCED,FOODSTUFFS,REDUCED_RATE,10.0,"Partially or totally hydrogenated animal or vegetable oils and fats and animal or vegetable oils and fats solidified or hardened by any other process, including refined, but not prepared, intended for human or animal consumption.
1516 10, 1516 20 if for human or animal consumption"
IT,REDUCED,FOODSTUFFS,REDUCED_RATE,10.0,Imitations of lard and other prepared edible fats
IT,REDUCED,FOODSTUFFS,REDUCED_RATE,10.0,"Flours and powders of meat and offal, fish, crustaceans, molluscs, unsuitable for human consumption and intended exclusively for animal nutrition; greaves intended for human or animal consumption.
2301 if intended exclusively for animal feed while greaves if also intended for human consumption."
IT,REDUCED,FOODSTUFFS,REDUCED_RATE,10.0,"Beet pulp, waste of spent sugar cane and other waste from the manufacture of sugar; leftovers from brewing and distillation of alcohol; leftovers from starch manufacture and other similar scraps and residues"
IT,REDUCED,FOODSTUFFS,REDUCED_RATE,10.0,"Oil-residue, olive pomace and other residues from the extraction of olive oil, excluding sludge; oil-residue and other residues from the de-oiling of oily seeds and fruits"
IT,REDUCED,FOODSTUFFS,REDUCED_RATE,10.0,"Wine lees, raw tartar"
IT,REDUCED,FOODSTUFFS,REDUCED_RATE,10.0,"Products of vegetable origin of the kind used for animal nutrition, not elsewhere specified or included"
IT,REDUCED,FOODSTUFFS,REDUCED_RATE,10.0,"Molasses or sugared fodder; other preparations of the kind used in animal nutrition, excluding dog or cat food put up for retail sale.
2309 90 excluding simple feed of plant origin; integrated feed, containing cereals and/or related flours and/or sugar; simple compound feed containing more than 50% (4%) cereals.
Dog and cat food put up for retail sale, referred to in Article 75, paragraph 6, of Law 30 December 1991, No 413, is subject to the ordinary rate."
IT,REDUCED,AGRICULTURAL_PRODUCTION,REDUCED_RATE,10.0,Active ingredients for the preparation and feed supplements.
IT,REDUCED,SUPPLY_GAS,REDUCED_RATE,10.0,"Gas for use by mining, agricultural and manufacturing companies including printing, publishing and similar businesses; gas, methane gas and liquefied petroleum gas, intended to be injected directly into the pipes of the distribution networks to be subsequently supplied, or destined to companies that use them for the production of electricity.
2705 and 2711 gas for the uses indicated above."
IT,REDUCED,FOSSIL_FUEL,REDUCED_RATE,10.0,"Electricity for domestic use; electricity&gas for use by mining agricultural&manufacturing enterprises including printing publishing&similar enterprises; electricity for irrigation, lifting&water drainage systems used by consorzi di bonifica&irrigation consortia; electricity supplied to wholesale customers referred LD 79/1999; gas methane gas&liquefied petroleum gases directly in pipes of distribution networks subsequently supplied or for enterprises for production of electricity"
IT,REDUCED,FOSSIL_FUEL,REDUCED_RATE,10.0,"Crude mineral oils, fuel oils and aromatic extracts used to generate electricity, either directly or indirectly, provided that the installed power is not less than 1 Kw; crude mineral oils, fuel oils (except fluid heating oils) and filter earths remaining from the processing of lubricating oils, containing not more than 45% by weight of petroleum products, for use directly as fuels in boilers and furnaces"
IT,REDUCED,FOODSTUFFS,SUPER_REDUCED_RATE,4.0,"Wheat, including rye, rye; maize; rice; paddy rice; barley, excluding that intended for sowing; oats, buckwheat, millet, canary seed, sorghum and other minor cereals, intended for zootechnical use
1004 90  if intended for zootechnical use, 1006 20 (rice, not broken or crushed, intended for zootechnical use), 1006 30,1006 40, 1007 90, 1008 10, 1008 29 00, 1008 30, 100840,100850, 1008 60, 1008 90 if intended for zootechnical use"
IT,REDUCED,FOODSTUFFS,REDUCED_RATE,10.0,Raw beeswax
IT,REDUCED,FOODSTUFFS,REDUCED_RATE,10.0,"Sausages, salamis and the like made from meat, offal or blood"
IT,REDUCED,FOODSTUFFS,REDUCED_RATE,10.0,Other prepared or preserved meat or meat offal with the exception of goose or duck liver and game
IT,REDUCED,FOSSIL_FUEL,REDUCED_RATE,10.0,"fuel oils used for direct generation of motive power with fixed engines in industrial and agricultural-industrial establishments, laboratories, construction sites; fuel oils other than special ones intended for transformation into gas to be fed into city distribution networks;"
IT,REDUCED,FOSSIL_FUEL,REDUCED_RATE,10.0,"unrefined mineral oils from the primary distillation of crude natural oil or from the processing in establishments that transform mineral oils into chemical products of a different nature, with a flash point (closed cup test) below 55°C, in which the distillate at 225°C is less than 95% by volume and at 300°C is at least 90% by volume, intended for transformation into gas to be fed into city distribution networks;"
IT,REDUCED,FOSSIL_FUEL,REDUCED_RATE,10.0,Petroleum products for agricultural use and for inland fishing.
IT,REDUCED,FOODSTUFFS,SUPER_REDUCED_RATE,4.0,"Wheat, maize, rye and barley, broken or crushed; rice, oats and other minor cereals, broken or crushed, intended for zootechnical use.
1006 20, 1006 30, 1006 40 rice if broken or crushed, for zootechnical use;  1104 1910, 1104 1930, 1104 1950, 1104 2398, 1104 2908 if broken or crushed; 1104 1210, 1104 2295, 1104 2959, 1104 1999 if broken or crushed, intended for zootechnical use."
IT,REDUCED,MEDICAL_EQUIPMENT,SUPER_REDUCED_RATE,4.0,"Prostheses and aids related to permanent functional impairments.
9001 30, 9001 4020, 900190, 9001 4020, 90014080, 90015049, 90015080, 9004(corrective glasses), 9404 21 e 9404 29 if prostheses and aids related to permanent functional."
IT,REDUCED,FOODSTUFFS,REDUCED_RATE,10.0,Meat extracts and sauces and fish extracts
IT,REDUCED,FOODSTUFFS,REDUCED_RATE,10.0,"Prepared and preserved fish, except caviar and its substitutes; crustaceans and molluscs (including testaceans), excluding lobsters, crawfish and oysters, prepared or preserved.
The CN codes 1605 400020, 1605 400030,1605 400040 are included."
IT,REDUCED,SUPPLY_ELECTRICITY,REDUCED_RATE,10.0,"Electricity for household use; electricity for use by mining, agricultural and manufacturing companies including printing, publishing and similar businesses; electricity for the operation of irrigation, lifting and drainage systems, used by reclamation and irrigation consortia; electricity supplied to wholesale customers referred to in Article 2, paragraph 5, of Legislative Decree No 79.
2716 electricity for the uses indicated above."
IT,REDUCED,FOODSTUFFS,REDUCED_RATE,10.0,"Products of mineral and chemical-industrial origin and additives for animal consumption.
1301 20, 1301 90, 1302 20, 1302 31 if additives for animal consumption."
IT,REDUCED,FOODSTUFFS,REDUCED_RATE,10.0,"lecithins intended for human or animal consumption.
2923 20 if for human or animal consumption"
IT,REDUCED,PHARMACEUTICAL_PRODUCTS,REDUCED_RATE,10.0,"Medicines ready for human or veterinary use, including homeopathic products; pharmaceutical substances and medications which pharmacies must be equipped with according to the official pharmacopoeia."
IT,REDUCED,AGRICULTURAL_PRODUCTION,REDUCED_RATE,10.0,Plant protection products.
IT,REDUCED,FOODSTUFFS,SUPER_REDUCED_RATE,4.0,"Flour and groats of wheat, maize and rye; barley flours; oat flours, rice flours and other minor cereals intended for zootechnical use.
1102 9030, 1102 9050, 1102 9090 if intended for zootechnical use.
The reduced rate of 4% applies also to the following item: 1103 192090"
IT,REDUCED,MEDICAL_EQUIPMENT,SUPER_REDUCED_RATE,4.0,"Orthopedic appliances (including medical-surgical belts); fracture objects and appliances (showers, splints and the like); objects and apparatus of dental prostheses, ophthalmology and others; apparatus to facilitate hearing for the deaf and other apparatus to be held in the hand, to be worn on the person or to be inserted into the body, to compensate for a deficiency or infirmity."
IT,REDUCED,PHARMACEUTICAL_PRODUCTS,REDUCED_RATE,10.0,"Towels and tampons for feminine sanitary protection; menstrual cups
The reduced rate of 10% applies also to the following item: 3924 9000 90."
IT,REDUCED,WOOD,REDUCED_RATE,10.0,"Firewood in logs, stumps, twigs or faggots; wood waste, including sawdust but excluding pellets (CN code 4401 31 00)."
IT,REDUCED,PHARMACEUTICAL_PRODUCTS,REDUCED_RATE,10.0,Baby nappies
IT,REDUCED,FOODSTUFFS,REDUCED_RATE,10.0,"powdered or liquid milk for feeding infants or young children, put up in sets for retail sale. CN 0404 90 83 10 ""Special milk, for infants, in hermetically sealed containers of a net content not exceeding 500 g of a fat content, by weight, exceeding 10 %""."
IT,REDUCED,EXEMPTION_SUPERREDUCED,SUPER_REDUCED_RATE,4.0,"Provision of services on procurement contracts relating to the construction of buildings referred to in Article 13 of Law N 408/1949, and subsequent amendments, rendered to persons carrying out the construction of buildings for their subsequent sale, including building cooperatives and their consortia, even if under undivided ownership, or persons for which the conditions referred to in No 21) are met, as well as the construction of rural buildings referred to in No 21-bis)  “first home”"
IT,REDUCED,FOODSTUFFS,REDUCED_RATE,10.0,"Beet and cane sugars, in solid form, excluding flavoured or coloured one"
IT,REDUCED,FOODSTUFFS,REDUCED_RATE,10.0,"Other sugars in solid form, excluding flavoured or coloured ones; non-flavored or colored sugar syrups; honey substitutes, whether or not mixed with natural honey; caramelized sugars and molasses, intended for human or animal consumption.
1702 11, 1702 19, 1702 2090, 1702 30, 1702 40, 1702 9030, 1702 9050, 1702 9071, 1702 9075, 1702 9079, 17029080, 17029095 as long as not flavoured or coloured, and caramelized sugars and molasses for human or animal consumption."
IT,REDUCED,FOODSTUFFS,SUPER_REDUCED_RATE,4.0,"corn germs intended for oil extraction. 
If maize germ intended for oil extraction."
IT,REDUCED,FOODSTUFFS,SUPER_REDUCED_RATE,4.0,"Oily seeds and fruits intended for oil extraction, excluding flax and castor seeds and crushed ones.
If intended for oil extraction."
IT,REDUCED,EXEMPTION_SUPERREDUCED,SUPER_REDUCED_RATE,4.0,Provision of services dependent on procurement contracts relating to the construction of works directly aimed at overcoming or eliminating architectural barriers
IT,REDUCED,EXEMPTION_SUPERREDUCED,SUPER_REDUCED_RATE,4.0,"Administration of food and beverages in company and inter-company canteens, in school canteens of all levels, as well as in canteens for the poor even if the administrations are carried out on the basis of procurement contracts or special agreement.
Limited to services rendered in school and company canteens."
IT,REDUCED,EXEMPTION_SUPERREDUCED,SUPER_REDUCED_RATE,4.0,"Subscription fees for circular broadcasts excluding of those transmitted in codified form; broadcasting services excluding those transmitted in codified form with predominantly political trade union cultural religious sporting educational or recreational character pursuant to Art. 19 b) c) Law 103/75
The reduced rate is applied only to subscription fees for circular broadcasts and on the tax base consisting of the share due, pursuant to current provisions, to the concessionaire of the service"
IT,REDUCED,FOODSTUFFS,REDUCED_RATE,10.0,"Yogurt, kephir, fresh milk, curdled milk, whey, buttermilk (or beaten milk) and other types of fermented or acidified milk
0401 excluding fresh milk intended for food consumption packaged for retail sale subjected to pasteurization and other treatments required by health laws"
IT,REDUCED,FOODSTUFFS,REDUCED_RATE,10.0,"Preserved, concentrated or sweetened milk"
IT,REDUCED,FOODSTUFFS,REDUCED_RATE,10.0,"Fresh milk cream, preserved, concentrated or not, sweetened or not
The reduced rate of 10% applies also to the following items: 0401 401010 (fresh) 0401 409010 (fresh), 0401 501110, 0401 501910,0401 503110, 0401 503910, 0401 509110, 0401 509910. 
0402 including milk creams"
IT,REDUCED,FOODSTUFFS,REDUCED_RATE,10.0,"Poultry eggs in shell, fresh or preserved.
Excluding cooked eggs."
IT,REDUCED,PHARMACEUTICAL_PRODUCTS,REDUCED_RATE,10.0,Vaccines against COVID-19.
IT,REDUCED,AGRICULTURAL_PRODUCTION,REDUCED_RATE,10.0,Services by means of agricultural machinery or aircraft rendered to single or associated agricultural enterprises
IT,REDUCED,SUPPLY_HEATING,REDUCED_RATE,10.0,"Services & supplies of equipment and materials relating to the supply of thermal energy for domestic use through public district heating networks or as part of the energy service contract, as defined in Interm Decree Art. 11, par. 1, of regulation referred to in Pres. Decree No 412/1993, and subsequent amendments; it includes supplies of energy produced from renewable sources or high efficiency cogeneration plants. 
Ordinary rate is applied to supplies of energy from other sources."
IT,REDUCED,SUPPLY_GAS,REDUCED_RATE,10.0,"Supply of methane gas used for combustion for civil uses limited to 480 cubic meters per year; supply, via distribution networks, of liquefied petroleum gases for domestic purposes for cooking food and for the production of hot water, liquefied petroleum gas contained by or intended to be placed in cylinders from 10 to 20 kg at any stage of marketing."
IT,REDUCED,STREET_CLEANING,REDUCED_RATE,10.0,"Management, storage and temporary storage services of urban waste and special waste (waste deriving from the recovery and disposal of waste, of sludge produced by potabilization and from other water treatments and from the purification of waste water and smoke abatement), as well as management services for sewage and purification systems."
IT,REDUCED,HOUSING_PROVISION,REDUCED_RATE,10.0,"Services dependent on procurement contracts relating to the construction of non-luxury homes other than ""first homes"" and of buildings mainly for residential use and the implementation of the recovery projects referred to in Article 31 of Law No 457 of 5 August 1978, excluding those referred to in letters a) and b) of paragraph 1 of that Article"
IT,REDUCED,FOODSTUFFS,REDUCED_RATE,5.0,Fresh or chilled truffles
IT,REDUCED,PHARMACEUTICAL_PRODUCTS,REDUCED_RATE,5.0,"Instrumentation for in vitro diagnostics for COVID-19: 1.4) Diagnostic reagents based on the polymerase chain nucleic acid (PCR) test; 1.5) Instruments used in clinical laboratories for in vitro diagnosis.
The CN code 3822 19 10 is also included."
IT,REDUCED,TRANSPORT_PASSENGERS,REDUCED_RATE,5.0,"Passenger transport services provided by means of transport entitled to execute sea, lake, river and lagoon transport services.
Urban passenger transport service by water with the exception of transport for tourism, cruises and exempt transport."
IT,REDUCED,SOCIAL_WELLBEING,REDUCED_RATE,5.0,"The services referred to in Nos 18), 19), 20), 21) and 27-ter) of Article 10, paragraph 1, rendered in favour of the persons indicated in No 27-ter) by social cooperatives and their consortia; [health services, hospitalization and care services, educational services for children and youth and instruction, services of children's homes, orphanages, kindergartens, retirement homes for the elderly and the like; social and health services, home or outpatient care, community and similar services]."
IT,REDUCED,FOODSTUFFS,REDUCED_RATE,10.0,"Poultry eggs and egg yolks, dried or otherwise preserved, sweetened or not, intended for food use.
04081989 excluding yolks cooked in water or steamed, molded."
IT,REDUCED,FOODSTUFFS,REDUCED_RATE,10.0,Natural honey
IT,REDUCED,FOODSTUFFS,REDUCED_RATE,10.0,"Guts, bladders and stomachs of animals, whole or in pieces, excluding those of fish, intended for human or animal nutrition.
0504 if for human or animal consumption."
IT,REDUCED,FOODSTUFFS,REDUCED_RATE,10.0,"Raw bones, defatted or simply prepared, acidulated or degelatinated, their powders and waste, intended for animal feed.
0506 if for animal feed."
IT,REDUCED,AGRICULTURAL_PRODUCTION,REDUCED_RATE,10.0,"Semen for the artificial insemination of livestock.
The CN code 0511 998510 is also included."
IT,REDUCED,FOODSTUFFS,REDUCED_RATE,10.0,"Ground or powdered vegetables and edible plants, but not otherwise prepared; cassava, arrowroot and salep roots, Jerusalem artichokes, sweet potatoes and other similar roots and tubers with a high starch or inulin content, whether or not dried or cut into pieces; palm pith in sago.
0712 if ground or pulverized, excluding 0712 9011 and 0712 9019"
IT,REDUCED,FOODSTUFFS,REDUCED_RATE,10.0,Wine grapes
IT,REDUCED,FOODSTUFFS,REDUCED_RATE,10.0,"Frozen fruit, with added sugar"
IT,REDUCED,FOODSTUFFS,REDUCED_RATE,10.0,"Molasses intended for human or animal consumption, excluding flavoured or coloured ones.
1703 as long as not flavoured or coloured for human or animal consumption"
IT,REDUCED,FOODSTUFFS,REDUCED_RATE,10.0,"Sugar-based products not containing cocoa (candies, gum boluses, tablets, nougat and the like) in non-quality packaging, such as paper, cardboard, plastic, tinplate, aluminum or ordinary glass.
1704 as long as not in high-quality packaging"
IT,REDUCED,FOODSTUFFS,REDUCED_RATE,10.0,Unsweetened cocoa powder
IT,REDUCED,FOODSTUFFS,REDUCED_RATE,10.0,"Chocolate and other food preparations containing cocoa in non-quality packaging, such as paper, cardboard, plastic, tinplate, aluminum or ordinary glass. 
1806 if in non-quality packaging, such as paper, cardboard, plastic, tinplate, aluminum or ordinary glass."
IT,REDUCED,FOODSTUFFS,REDUCED_RATE,10.0,"Malt extracts; preparations for feeding children, for dietary or cooking uses, based on flour, meal, starch or malt extract, whether or not with cocoa added to less than 50 per cent by weight."
IT,REDUCED,FOODSTUFFS,REDUCED_RATE,10.0,"food preparations of flour, groats, meal, starch or malt extract for the feeding of infants or children, put up in sets for retail sale"
IT,REDUCED,FOODSTUFFS,REDUCED_RATE,10.0,"Tapioca, including potato starch"
IT,REDUCED,PRIVATE_DWELLINGS,REDUCED_RATE,10.0,Services relating to the implementation of extraordinary maintenance interventions on public residential buildings
IT,REDUCED,HOUSING_PROVISION,REDUCED_RATE,10.0,"Services dependent on procurement contracts relating to the construction of 1ry&2ry urbanization works metropolitan tramway transport lines and other fixed  lines;production plants and heat-energy and electricity distribution networks from solar-photovoltaic-wind sources;purification plants to be connected to sewer networks including intermunicipal ones and to the relative adduction manifolds;school buildings barracks hospital nursing home orphanages.
The CPA code 41.00.48 is also included."
IT,REDUCED,SUPPLY_HEATING,REDUCED_RATE,10.0,Connection services to district heating networks carried out in compliance with current legislation on energy saving
IT,REDUCED,TRANSPORT_PASSENGERS,REDUCED_RATE,10.0,"Passenger and their luggage transport services, excluding those set out in Table A, Part II-bis, No. 1-ter), and those exempt pursuant to Article 10, No. 14), of Presidential Decree No 633 of 1972 [excluding passenger transport services provided by lake means and taxi].
Suburban passenger transport service with the exception of transport for tourism and cruises."
IT,REDUCED,TRANSPORT_PASSENGERS,REDUCED_RATE,10.0,"Transport services provided by the means pursuant to Law No 1110 of 23 June 1927 and Royal Decree-Law No 1696 of 7 September 1939, converted into Law No. 8 of 5 January 1939 [transport by drag lifts, sledges and other means of transport without rails].
Urban passenger transport service with the exception of transport for tourism and exempt transport."
IT,REDUCED,FOODSTUFFS,REDUCED_RATE,5.0,"Fresh basil, rosemary and sage, sprigs or shelled oregano, intended for food use; plants in the vegetative state of basil, rosemary and sage.
CN codes: 1211908620, 1211908690"
IT,REDUCED,MEDICAL_EQUIPMENT,REDUCED_RATE,5.0,"FFP2 and FFP3 masks according to the EN 149 standard, made of TNT 6307 9093 11; other masks with characteristics similar to FFP2 and FFP3 in compliance with a standard similar to EN 149, made of TNT 6307 909319"
IT,REDUCED,MEDICAL_EQUIPMENT,REDUCED_RATE,5.0,"FFP2/FFP3 masks according to the EN149 standard and other masks compliant with a similar standard, made of fabric 6307 909390; facial masks for medical use according to the EN 14683 standard, made of TNT 6307 909511; other masks for medical use conforming to a standard similar to that for facial masks for medical use, made of TNT 6307 909519; FFP2 and FFP3 masks according to EN 149 and other masks compliant with a similar standard with replaceable filter 9020 0010"
IT,REDUCED,LIVE_EQUINES,REDUCED_RATE,5.0,
IT,REDUCED,SPORTING_EVENTS,REDUCED_RATE,5.0,"Provision of courses in winter sports and mountaineering activities as identified by winter sports federations recognized by Italian National Olympic Committee by Art.2, par.1, letter e), Law 6/1989 on the regulation of the profession of mountain guide, imparted, including in organized form, by members of appropriate regional or national registers, to the extent that such courses are not exempt from VAT; (point 1-septies) of Part II-bis of Table A annexed to DPR 633/1972."
IT,REDUCED,ANTIQUES,REDUCED_RATE,5.0,"works of art, antiques, collectibles referred to in letter a) of the table attached to Decree-Law of 23 February 1995, No 41, converted, with modifications, by Law 22 March 1995, No 85, Provided that the special margin scheme for second-hand goods, works of art, antiques and collectors’ items is not applied"
IT,REDUCED,FOODSTUFFS,REDUCED_RATE,10.0,"Live horses, donkeys, mules and bardots, intended for use in the preparation of food products 
0101 30 00 and 0101 90 00 only if intended for slaughter"
IT,REDUCED,FOODSTUFFS,REDUCED_RATE,10.0,"live bovine animals, including animals of the genus buffalo, swine, sheep and goats"
IT,REDUCED,FOODSTUFFS,REDUCED_RATE,10.0,live poultry
IT,REDUCED,FOODSTUFFS,REDUCED_RATE,10.0,"Domestic rabbits, pigeons, hares, partridges, pheasants, frogs and other live animals intended for human consumption.
Only if intended for human consumption"
IT,REDUCED,FOODSTUFFS,REDUCED_RATE,10.0,"Fresh citrus and melon peel, excluding frozen ones, presented immersed in salted or sulphured water or with the addition of other substances suitable for temporarily ensuring their conservation, or dried. Excluding frozen ones"
IT,REDUCED,FOODSTUFFS,REDUCED_RATE,10.0,"Tea, mate"
IT,REDUCED,FOODSTUFFS,REDUCED_RATE,10.0,Spices
IT,REDUCED,FOODSTUFFS,REDUCED_RATE,10.0,"Barley for sowing; oats, buckwheat, millet, canary seed, sorghum and other minor cereals, intended for uses other than the zootechnical one.
1004, 1007 e 1008  intended for uses other than the zootechnical one."
IT,REDUCED,FOODSTUFFS,REDUCED_RATE,10.0,"cereal products; obtained by blowing or roasting: ''puffed-rice'', ''corn-flakes'' and the like"
IT,REDUCED,FOODSTUFFS,REDUCED_RATE,10.0,"Fine bakery, pastry and biscuit products, whether or not with added cocoa in any proportion."
IT,REDUCED,FOODSTUFFS,REDUCED_RATE,10.0,"Vegetables, edible plants and fruit, prepared or preserved in vinegar or acetic acid, with or without salt, spices, mustard or sugars"
IT,REDUCED,FOODSTUFFS,REDUCED_RATE,10.0,"Vegetables and edible plants prepared or preserved without vinegar or acetic acid.
2005 70 (olives in brine)."
IT,REDUCED,ACCOMMODATION,REDUCED_RATE,10.0,"Services rendered to customers housed in accommodation facilities, as well as services of greater hotel comfort rendered to people hospitalized in health establishments"
IT,REDUCED,RESTAURANT,REDUCED_RATE,10.0,"Administration of food and beverages, carried out also through vending machines; provision of services dependent on procurement contracts relating to the supply or administration of food and beverages.
Limited to food and beverage administration and catering services."
IT,REDUCED,HOUSING_PROVISION,REDUCED_RATE,10.0,"Leases of residential buildings by their construction companies or by the companies that have carried out the recovery projects for the building heritage, referred to in Article 3, paragraph 1, letters c), d) and f), of the Consolidated Building Act referred to in Presidential Decree No 380 of 6 June 2001, and leases of residential buildings intended for social housing as defined by the Decree of the Minister of Infrastructure of 22 April 2008"
IT,REDUCED,WRITERS_SERVICES,REDUCED_RATE,10.0,"Writing contracts connected with theatrical performances, vocal and instrumental concerts, circus activities, puppet shows, etc., as well as the relative performances, rendered by intermediaries"
IT,REDUCED,CULTURAL_EVENTS,REDUCED_RATE,10.0,"Theatrical performances of any kind, including operas, ballet, prose, operetta, musical comedy, magazine; vocal and instrumental concerts; circus and traveling show activities, puppet shows, marionettes and masks, including masked and costumed parades, held everywhere;"
IT,REDUCED,FOODSTUFFS,REDUCED_RATE,10.0,"Products of animal origin, not elsewhere specified or included, except tendons, nerves, trimmings and other similar waste of untanned hides and skins.
The CN codes are: 0511 99 8520,  051199 8590.
The edible ones referred to in 04.10 are not included."
IT,REDUCED,AGRICULTURAL_PRODUCTION,REDUCED_RATE,10.0,Bees and silkworms. The CN code 0106 49 is only for silkworms.
IT,REDUCED,FOODSTUFFS,REDUCED_RATE,10.0,"Oat flours and flours of other minor cereals intended for uses other than the zootechnical one.
1102 9030, 1102 9050, 1102 9090 if intended for uses other than the zootechnical one"
IT,REDUCED,FOODSTUFFS,REDUCED_RATE,10.0,"Groats and meal of barley, oats and other minor cereals; hulled, pearled, flaked cereals; germs of cereals also flour"
IT,REDUCED,FOODSTUFFS,REDUCED_RATE,10.0,"Fruit, fruit peel, plants and parts of plants, cooked in sugars or candied (drained, frozen, crystallized)"
IT,REDUCED,FOODSTUFFS,REDUCED_RATE,10.0,"Fruit purees and pastes, jellies, jams, obtained by cooking, also with the addition of sugars"
IT,REDUCED,FOODSTUFFS,REDUCED_RATE,10.0,"Frozen, dried or preserved truffles immersed in salted or sulphured water or with the addition of other substances for temporarily ensuring their conservation, but not prepared for immediate consumption.
The CN codes are: 0710 8095 80 if truffles are not fresh, 0711 5900 90, 0712 909090 (only dried truffles).
Fresh or refrigerated truffles are at 5%."
IT,REDUCED,FOSSIL_FUEL,REDUCED_RATE,10.0,"Administration of methane gas used for combustion for civil purposes limited to 480 m3 per year; administration, through distribution networks, of liquefied petroleum gases for domestic use in cooking food and hot water production, liquefied petroleum gases contained or intended to be placed in cylinders of 10 to 20 kg at any stage of marketing"
IT,REDUCED,STREET_CLEANING,REDUCED_RATE,10.0,"Services of management, storage and temporary storage, excluding landfilling and incineration without efficient energy recovery, as defined by Article 183, paragraph 1, letters n), aa), bb), of Legislative Decree No. 152 of April 3, 2006, of municipal waste and special waste referred to in Article 184, paragraphs 2 and 3, letter g), of the same Legislative Decree, as well as services of management of sewerage and purification plants."""
IT,REDUCED,FOODSTUFFS,SUPER_REDUCED_RATE,4.0,"Fresh milk, not concentrated or sweetened, intended for food consumption, packaged for retail sale, subjected to pasteurization or other treatments required by health laws.
The reduced rate of 4% applies only if fresh milk intended for food consumption packaged for retail sale subjected to pasteurization and other treatments provided for by health laws. 
The reduced rate of 4% applies also to the following items: 0401 40 10 90, 0401 50 11 90, 0401 50 31 90, 0401 50 91 90."
IT,REDUCED,FOODSTUFFS,SUPER_REDUCED_RATE,4.0,"butter, cheese and dairy products"
IT,REDUCED,FOODSTUFFS,REDUCED_RATE,10.0,"Frozen or deep-frozen meat, offal and edible parts of domestic rabbits, pigeons, hares, partridges and pheasants.
0208 1010, 02081090 (hares), 0208 9030 frozen or deep-frozen meat of non-domestic pigeons, partridges and pheasants."
LT,REDUCED,MEDICAL_EQUIPMENT,REDUCED_RATE,5.0,"Disabled technical aids and/or accessories, as listed in Order no. A1-338,  approved by the Minister of Social Security and Labor in 2006 December 19th or others (non-exhaustive list of technical assistance measures with different conditions of supply (must be documented for dissability purposes or  dissabled person's actual use) of such measures; see Comment on VAT Law on STI website)"
LT,REDUCED,PHARMACEUTICAL_PRODUCTS,REDUCED_RATE,5.0,"Applicable for medicaments, medical aids and food products for special medical purposes, fully or partially compensated by the Compulsory Health Insurance Fund (at the moment of acquisition), as well as for all non-compensated prescribed medicines (entered into the Lithuanian or EU register of prescribed medications)"
LT,REDUCED,LOAN_LIBRARIES,REDUCED_RATE,5.0,Applies for printed and electronic books as well as printed and electronic non-periodical information publications (see non-exhaustive most common publications supplied list in Comment of VAT Law on the STI website)
LT,REDUCED,NEWSPAPERS,REDUCED_RATE,5.0,"With the exception of erotic and/or violent publications, or publications non-compliant with the professional ethics. Applies for  printed and (or) electronic newspapers, magazines and other periodicals."
LT,REDUCED,PERIODICALS,REDUCED_RATE,5.0,"With the exception of erotic and/or violent publications, or publications non-compliant with the professional ethics. Applies for printed and (or) electronic periodicals."
LT,REDUCED,TRANSPORT_PASSENGERS,REDUCED_RATE,12.0,Applies only for established domestic regular routes
LT,REDUCED,CULTURAL_EVENTS,REDUCED_RATE,12.0,"for visiting all types of art and cultural institutions, art and cultural events, other than VAT-exempt services provided by non-profit legal entities"
LT,REDUCED,ACCOMMODATION,REDUCED_RATE,12.0,In accordance with the procedure laid down in the legislation governing tourism (therein Law on turism)
LU,REDUCED,FOODSTUFFS,SUPER_REDUCED_RATE,3.0,
LU,REDUCED,NON_OWNED_RESIDENCY_RENOVATION,SUPER_REDUCED_RATE,3.0,"Renovation and repairs : substantial works on housing used as principal dwelling and (i) constructed more than 10 years prior to the start of the works (ii) newly acquired, the works to be completed in the five years following the acquisition"
LU,REDUCED,TEMPORARY_EXEMPTION_RATE,SUPER_REDUCED_RATE,8.0,"Petroleum gases and other gaseous hydrocarbons (other than natural gas), liquefied, for use as a power or heating fuel (e.g. LPG)"
LU,REDUCED,TRANSPORT_PASSENGERS,EXEMPTED,0.0,"Article 371 of 2006/112/EC

Transport within the national territory where the point of departure or/and point of arrival is/are not within the national territory"
LU,REDUCED,NEW_PARKING_RATE,PARKING_RATE,14.0,"Wines of fresh grapes with 13% vol. or less (fortified wines, sparkling wines and so-called liqueur wines excluded)"
LU,REDUCED,WINE_FRESH_GRAPE,PARKING_RATE,14.0,
LU,REDUCED,FUEL_MINERAL_OIL,PARKING_RATE,14.0,
LU,REDUCED,NEW_PARKING_RATE,PARKING_RATE,14.0,Fuels: solid mineral fuels; mineral oils; wood other than for use as firewood
LU,REDUCED,CLEANING_PRODUCT,PARKING_RATE,14.0,
LU,REDUCED,NEW_PARKING_RATE,PARKING_RATE,14.0,Preparations for washing and cleaning
LU,REDUCED,FUEL_MINERAL_OIL,PARKING_RATE,14.0,Wood other than used as firewood
LU,REDUCED,NEW_PARKING_RATE,PARKING_RATE,14.0,Trade advertising material; commercial catalogues and the like; tourist publicity
LU,REDUCED,PRINTED_ADVERTISING_MATERIAL,PARKING_RATE,14.0,
LU,REDUCED,NEW_PARKING_RATE,PARKING_RATE,14.0,Supply of heat other than supply of district heating; supply of air conditioning
LU,REDUCED,HEAT_COOLING_STEAM,PARKING_RATE,14.0,
LU,REDUCED,CREDIT_MANAGEMENT,PARKING_RATE,14.0,
LU,REDUCED,SECURITY_MANAGEMENT,PARKING_RATE,14.0,
LU,REDUCED,NEW_PARKING_RATE,PARKING_RATE,14.0,Management and safekeeping of securities; management of credit and credit guarantees by a person other than the person who granted the credits
LU,REDUCED,PLANT,REDUCED_RATE,8.0,"- Bulbs, tubers, tuberous roots, corms, crowns and rhizomes, dormant
- Other ornamental live plants (including their roots), cuttings and slips
- Cut flowers and flower buds of a kind suitable for bouquets or for ornamental purposes, fresh or dried
- Foliage, branches and other parts of plants, without flowers or flower buds, and grasses, mosses and lichens, being goods of a kind suitable for bouquets or for ornamental purposes, fresh or dried"
LU,REDUCED,EXEMPTION_SUPERREDUCED,SUPER_REDUCED_RATE,3.0,"Supply of goods and services of a kind normally intended for use in agricultural production but excluding capital goods such as machinery or buildings, excluding leasing and renting of agricultural and forestry machinery and utensils, transport of agricultural and forestry products and felling and logging of trees"
LU,REDUCED,CERTAIN_AGRICULTURAL_INPUT,SUPER_REDUCED_RATE,3.0,Services excluded : leasing and renting of agricultural and forestry machinery and utensils; transport of agricultural and forestry products; felling and logging of trees
LU,REDUCED,SUPPLY_GAS,REDUCED_RATE,8.0,
LU,REDUCED,FOSSIL_FUEL,REDUCED_RATE,8.0,Natural gas
LU,REDUCED,FOSSIL_FUEL,REDUCED_RATE,8.0,"Petroleum gases and other gaseous hydrocarbons (other than natural gas), liquefied, for use as a power or heating fuel (e.g. LPG)"
LU,REDUCED,SUPPLY_ELECTRICITY,REDUCED_RATE,8.0,
LU,REDUCED,AGRICULTURAL_PRODUCTION,REDUCED_RATE,8.0,Plant protection products authorised by the administration of technical services for agriculture (Administration des services techniques de l'agriculture ASTA) for organic agriculture where the requirements laid down in modified regulation (EC) 834/2007 on organic production and labelling of organic products and repealing Regulation (EEC) No 2092/91 are met
LU,REDUCED,CHEMICAL_PESTICIDES_ENVIRONMENT,REDUCED_RATE,8.0,Plant protection products authorised by the administration of technical services for agriculture (Administration des services techniques de l'agriculture ASTA) for organic agriculture where the requirements laid down in modified regulation (EC) 834/2007 on organic production and labelling of organic products and repealing Regulation (EEC) No 2092/91 are met
LU,REDUCED,FOODSTUFFS,SUPER_REDUCED_RATE,3.0,"Waters, including natural or artificial mineral waters and aerated waters, not containing added sugar or other sweetening matter nor flavoured"
LU,REDUCED,SUPPLY_WATER,SUPER_REDUCED_RATE,3.0,
LU,REDUCED,WOOD_ARTICLE98,REDUCED_RATE,8.0,
LU,REDUCED,WOOD,REDUCED_RATE,8.0,
LU,REDUCED,ANTIQUES,REDUCED_RATE,8.0,"Tapestries made by hand from original designs provided by artists, provided that there are not more than eight copies of each"
LU,REDUCED,ANTIQUES,REDUCED_RATE,8.0,"Wall textiles made by hand from original designs provided by artists, provided that there are not more than eight copies of each"
LU,REDUCED,BICYCLES_ELECTRIC,REDUCED_RATE,8.0,
LU,REDUCED,ANTIQUES,REDUCED_RATE,8.0,"Postage or revenue stamps, postmarks, first-day covers, pre-stamped stationery and the like, used, or if unused not current and not intended to be current"
LU,REDUCED,ANTIQUES,REDUCED_RATE,8.0,"Pictures, collages and similar decorative plaques, paintings and drawings, executed entirely by hand by the artist, other than plans and drawings for architectural, engineering, industrial, commercial, topographical or similar 
purposes, hand-decorated manufactured articles, theatrical scenery, studio back cloths or the like of painted canvas"
LU,REDUCED,ANTIQUES,REDUCED_RATE,8.0,"Original engravings, prints and lithographs, being impressions produced in limited numbers directly in black and white or in colour of one or of several plates executed entirely by hand by the artist, irrespective of the process or of the material employed, but not including any mechanical or photomechanical process"
LU,REDUCED,ANTIQUES,REDUCED_RATE,8.0,"Original sculptures and statuary, in any material, provided that they are executed entirely by the artist; sculpture casts the production of which is limited to eight copies and supervised by the artist or his successors in title"
LU,REDUCED,ANTIQUES,REDUCED_RATE,8.0,"Collections and collectors' pieces of zoological, botanical, mineralogical, anatomical, historical, archaeological, paleontological, ethnographic or numismatic interest"
LU,REDUCED,ANTIQUES,REDUCED_RATE,8.0,"Goods, other than works of art or collectors' items, which are more than 100 years old"
LU,REDUCED,SUPPLY_HEATING,REDUCED_RATE,8.0,District heating
LU,REDUCED,BICYCLES_RENTAL,REDUCED_RATE,8.0,
LU,REDUCED,WINDOW_CLEANING,REDUCED_RATE,8.0,
LU,REDUCED,HOUSEHOLD,REDUCED_RATE,8.0,Repairing services
LU,REDUCED,SHOES_REPAIR,REDUCED_RATE,8.0,Repairing services
LU,REDUCED,CLOTHING_REPAIR,REDUCED_RATE,8.0,Repairing services (including mending and alteration)
LU,REDUCED,HAIRDRESSING,REDUCED_RATE,8.0,
LU,REDUCED,ANTIQUES,REDUCED_RATE,8.0,Individual pieces of ceramics executed entirely by the artist and signed by him
LU,REDUCED,ANTIQUES,REDUCED_RATE,8.0,"Enamels on copper, executed entirely by hand, limited to eight numbered copies bearing the signature of the artist or the studio, excluding articles of jewellery and goldsmiths' and silversmiths' wares"
LU,REDUCED,ANTIQUES,REDUCED_RATE,8.0,"Photographs taken by the artist, printed by him or under his supervision, signed and numbered and limited to 30 copies, all sizes and mounts included, provided that they denote the intention on the part of their author to produce a work that has exclusively an artistic function (in particular, identity photographs, portrait photographs and photographs taken on the occasion of family celebrations or other events are excluded)"
LU,REDUCED,FOSSIL_FUEL,REDUCED_RATE,14.0,"Parking rate
Solid mineral fuels; mineral oils; wood other than for use as firewood"
LU,REDUCED,FOODSTUFFS,SUPER_REDUCED_RATE,3.0,"Agricultural salt, salt lick"
LU,REDUCED,EXEMPTION_SUPERREDUCED,SUPER_REDUCED_RATE,3.0,"Supply of goods and services of a kind normally intended for use in agricultural production:
- Draft horses
- Ova of animals used in agricultural production
- Rhubarb rhizomes; Asparagus crowns; Chicory plants and roots other than roots of heading 1212"
LU,REDUCED,CERTAIN_AGRICULTURAL_INPUT,SUPER_REDUCED_RATE,3.0,Draft horses
LU,REDUCED,CERTAIN_AGRICULTURAL_INPUT,SUPER_REDUCED_RATE,3.0,Live mules and hinnies
LU,REDUCED,FOODSTUFFS,SUPER_REDUCED_RATE,3.0,"Plants and part of plants, seeds and grains, used for preparing infusions or teas"
LU,REDUCED,MEDICAL_EQUIPMENT,SUPER_REDUCED_RATE,3.0,"Medical equipment, aids and other appliances normally intended to alleviate or treat disability, for the exclusive personal use of the disabled, including the repair of such goods"
LU,REDUCED,CHEMICAL_FERTILISERS,SUPER_REDUCED_RATE,3.0,
LU,REDUCED,PHARMACEUTICAL_PRODUCTS,SUPER_REDUCED_RATE,3.0,"Products used for sanitary protection: sanitary towels (pads), tampons, panty liners, period panties, menstrual cups, menstrual sponges and similar feminine hygiene products; Sheath contraceptives"
LU,REDUCED,PHARMACEUTICAL_PRODUCTS,SUPER_REDUCED_RATE,3.0,Sheath contraceptives
LU,REDUCED,LOAN_LIBRARIES,SUPER_REDUCED_RATE,3.0,Excluding materials with predominately adult content
LU,REDUCED,EXEMPTION_SUPERREDUCED,SUPER_REDUCED_RATE,3.0,"Children clothing, if clearly intended for children of a max. age of thirteen; - Children footwear; for boys up to and included size 40; for girls up to and included size 35.5 (35 if half sizes not available) for pumps, and up to and included size 38.5 (38 if half sizes not available) for any other shoe type unless heel hight, sole hight included, exceeds 4 cm"
LU,REDUCED,CHILD_WEAR,SUPER_REDUCED_RATE,3.0,"- Children clothing, if clearly intended for children of a max. age of thirteen 
- Children footwear; for boys up to and included size 40; for girls up to and included size 35.5 (35 if half sizes not available) for pumps, and up to and included size 38.5 (38 if half sizes not available) for any other shoe type unless heel hight, sole hight included, exceeds 4 cm"
LU,REDUCED,FOODSTUFFS,SUPER_REDUCED_RATE,3.0,"Live Fish, for human and animal consumption or  normally intended for use in the preparation of foodstuffs"
LU,REDUCED,FOODSTUFFS,SUPER_REDUCED_RATE,3.0,Animal or vegetable fats and oils for human and animal consumption or  normally intended for use in the preparation of foodstuffs
LU,REDUCED,PHARMACEUTICAL_PRODUCTS,SUPER_REDUCED_RATE,3.0,"- Proprietary medicinal products, ready-made medicinal products and medicinal products, as defined in Article 1 of the law of 11 April 1983 regulating the publicity and marketing of pharmaceutical products
- Veterinary medical products as defined in Article 1 of the law of 18 December 1985 concerning veterinary medical products 
- Pharmaceutical preparations
- Products used for contraception, other than those classifiable in 4014 10 00."
LU,REDUCED,EXEMPTION_SUPERREDUCED,SUPER_REDUCED_RATE,3.0,Sewage disposal and treatment and emptying of septic tanks and industrial tanks
LU,REDUCED,WASTE_TREATMENT,SUPER_REDUCED_RATE,3.0,
LU,REDUCED,EXEMPTION_SUPERREDUCED,SUPER_REDUCED_RATE,3.0,Refuse collection and waste treatment
LU,REDUCED,WASTE_TREATMENT_REFUSAL,SUPER_REDUCED_RATE,3.0,
LU,REDUCED,SOLAR_PANELS,SUPER_REDUCED_RATE,3.0,
LU,REDUCED,TRANSPORT_PASSENGERS,SUPER_REDUCED_RATE,3.0,Point of departure and point of arrival and transport within the national territory
LU,REDUCED,CERTAIN_AGRICULTURAL_INPUT,SUPER_REDUCED_RATE,3.0,Semen (other than 0511 10 00) and ova of animals used in agricultural production
LU,REDUCED,CERTAIN_AGRICULTURAL_INPUT,SUPER_REDUCED_RATE,3.0,Rhubarb rhizomes; Asparagus crowns
LU,REDUCED,EXEMPTION_SUPERREDUCED,SUPER_REDUCED_RATE,3.0,"Accommodation provided in hotels and similar establishments, including the provision of holiday accommodation and the letting of places on camping or caravan sites"
LU,REDUCED,HOLIDAY_ACCOMMODATION,SUPER_REDUCED_RATE,3.0,
LU,REDUCED,EXEMPTION_SUPERREDUCED,SUPER_REDUCED_RATE,3.0,"Restaurant and catering services, excluding services involving alcoholic beverages"
LU,REDUCED,FOOD_SERVICE,SUPER_REDUCED_RATE,3.0,
LU,REDUCED,EXEMPTION_SUPERREDUCED,SUPER_REDUCED_RATE,3.0,"Services provided by writers, composers and performers and the royalties due to them"
LU,REDUCED,ROYALTIES,SUPER_REDUCED_RATE,3.0,
LU,REDUCED,EXEMPTION_SUPERREDUCED,SUPER_REDUCED_RATE,3.0,"Reception of certain radio and television broadcasting services, excluding reception of adult content"
LU,REDUCED,CERTAIN_BROADCASTING_SERVICES,SUPER_REDUCED_RATE,3.0,Excluding reception of adult content
LU,REDUCED,EXEMPTION_SUPERREDUCED,SUPER_REDUCED_RATE,3.0,"Granting the right of access to and use of sports facilities, excluding the supply of sport or physical exercise classes when live-streamed"
LU,REDUCED,SPORTING_FACILITY_ACCESS,SUPER_REDUCED_RATE,3.0,Excluding the supply of sport or physical exercise classes when live-streamed
LU,REDUCED,EXEMPTION_SUPERREDUCED,SUPER_REDUCED_RATE,3.0,Services provided by undertakers and cremators
LU,REDUCED,FUNERAL,SUPER_REDUCED_RATE,3.0,
LU,REDUCED,EXEMPTION_SUPERREDUCED,SUPER_REDUCED_RATE,3.0,"Admission to shows, theatres, circuses, fairs, amusement parks, concerts, 
museums, zoos, cinemas, exhibitions, conferences and similar cultural events and 
facilities, excluding access to the live-streaming of those events or visits or both"
LU,REDUCED,EXEMPTION_SUPERREDUCED,SUPER_REDUCED_RATE,3.0,"- Application of new buildings and construction work on new buildings (dwelling used as a principal residence by the owner of the dwelling); 
- Renovation and repairs : substantial works on housing used as principal residence and (i) constructed more than 10 years prior to the start of the works (ii) newly acquired, the works to be completed in the five years following the acquisition"
LU,REDUCED,EVENT_ACCESS,SUPER_REDUCED_RATE,3.0,"Admission to shows, theatres, circuses, fairs, amusement parks, concerts, museums, zoos, cinemas, exhibitions, conferences and similar cultural events and facilities, excluding live-streaming of those events or visits or both"
LU,REDUCED,RESIDENTIAL_RENOVATION,SUPER_REDUCED_RATE,3.0,"- Application of new buildings and construction work on new buildings ; 
- Renovation and repairs : substantial works on housing used as principal dwelling and (i) constructed more than 10 years prior to the start of the works (ii) newly acquired, the works to be completed in the five years following the acquisition"
LV,REDUCED,SPORTING_EVENTS,EXEMPTED,0.0,"The fee set by an association or foundation for participation in sports competitions and for sports lessons. Provided that the purpose of the services provided is not to generate additional income for this association or foundation.
(Section 52, Paragraph 1, Clauses 14.1 and 14.2 of the Law; https://likumi.lv/ta/en/en/id/253451)"
LV,REDUCED,MEDICAL_CARE,EXEMPTED,0.0,"Certain medical and dental services.
(Section 52, Paragraph 1, Clauses 3, 4, 5, and 7 of the Law; https://likumi.lv/ta/en/en/id/253451)"
LV,REDUCED,SOCIAL_WELLBEING,EXEMPTED,0.0,"Social care, vocational and social rehabilitation, social assistance and social work services.
(Section 52, Paragraph 1, Clause 9 of the Law; https://likumi.lv/ta/en/en/id/253451)"
LV,REDUCED,WRITERS_SERVICES,EXEMPTED,0.0,"The royalty received by the author for his work and use thereof.
(Section 52, Paragraph 1, Clause 18 of the Law; https://likumi.lv/ta/en/en/id/253451)"
LV,REDUCED,CULTURAL_EVENTS,EXEMPTED,0.0,"Cultural services.
(Section 52, Paragraph 1, Clause 17 of the Law; https://likumi.lv/ta/en/en/id/253451)"
LV,REDUCED,PERIODICALS,REDUCED_RATE,5.0,"Magazines and other periodicals in the form of printed publication or electronic publication, website publications and subscription fees, including the supply of the abovementioned periodicals online or by downloading them, if they are published in Latvian, Latgalian, or Livonian, as well as in the official languages of the EU, the EEA, Switzerland, EU candidate countries, and the OECD.
(Section 42, Paragraphs 7–9 of the Law; https://likumi.lv/ta/en/en/id/253451)"
LV,REDUCED,LOAN_LIBRARIES,REDUCED_RATE,5.0,"Books in the form of printed publication or electronic publication, the supply of the abovementioned literature online or by downloading them, if they are published in Latvian, Latgalian, or Livonian, as well as in the official languages of the EU, the EEA, Switzerland, EU candidate countries, and the OECD.
(Section 42, Paragraphs 5, 8, and 9 of the Law; https://likumi.lv/ta/en/en/id/253451)"
LV,REDUCED,NEWSPAPERS,REDUCED_RATE,5.0,"Newspapers in the form of printed publication or electronic publication, website publications and subscription fees, including the supply of the abovementioned periodicals online or by downloading them, if they are published in Latvian, Latgalian, or Livonian, as well as in the official languages of the EU, the EEA, Switzerland, EU candidate countries, and the OECD.
(Section 42, Paragraphs 7–9 of the Law; https://likumi.lv/ta/en/en/id/253451)"
LV,REDUCED,FOODSTUFFS,REDUCED_RATE,12.0,"Certain fresh bread, milk, poultry and eggs. (Section 42, Paragraph 16 of the Law; https://likumi.lv/ta/en/en/id/253451)"
LV,REDUCED,FOODSTUFFS,REDUCED_RATE,12.0,"Specialised food products intended for infants. 
(Section 42, Paragraph 3 of the Law; https://likumi.lv/ta/en/en/id/253451)"
LV,REDUCED,FOODSTUFFS,REDUCED_RATE,12.0,"Certain fresh fruits, berries and vegetables.
(Section 42, Paragraph 16 of the Law; https://likumi.lv/ta/en/en/id/253451)"
LV,REDUCED,PHARMACEUTICAL_PRODUCTS,REDUCED_RATE,12.0,"Medical products.
(Section 42, Paragraph 1 of the Law; https://likumi.lv/ta/en/en/id/253451)"
LV,REDUCED,MEDICAL_EQUIPMENT,REDUCED_RATE,12.0,"Certain medical devices intended only for individual use by persons with functional body disorders. 
(Section 42, Paragraph 2 of the Law; https://likumi.lv/ta/en/en/id/253451)"
LV,REDUCED,WOOD_ARTICLE98,REDUCED_RATE,12.0,"Supplies of firewood, if the actual consumer thereof is an inhabitant who purchases and consumes firewood for domestic needs. 
(Section 42, Paragraph 11 of the Law; https://likumi.lv/ta/en/en/id/253451)"
LV,REDUCED,SUPPLY_HEATING,REDUCED_RATE,12.0,"Supplies of thermal energy, if the actual consumer thereof is an inhabitant who purchases and consumes thermal energy for domestic needs. 
(Section 42, Paragraph 12 of the Law; https://likumi.lv/ta/en/en/id/253451)"
LV,REDUCED,TRANSPORT_PASSENGERS,REDUCED_RATE,12.0,"Scheduled inland transport services.
(Section 42, Paragraph 4 of the Law; https://likumi.lv/ta/en/en/id/253451)"
LV,REDUCED,ACCOMMODATION,REDUCED_RATE,12.0,"Accommodation services in tourist accommodation sites.
(Section 42, Paragraph 10 of the Law; https://likumi.lv/ta/en/en/id/253451)"
MT,REDUCED,FOODSTUFFS,EXEMPTED,0.0,"Food for human consumption, excluding food supplied for catering, is taxed at 0% (exempt with credit) (part 4).  

The above exemption does not apply to items classified under the following subheadings in the First Schedule of the Import Duties Act:

(1) 1515.90.15.00;1515.90.15.90;1515.90.21.00; 1515.90.31.00;1515.90.40.00;1515.90.60.00; 1516.20.10.00; 1517.90.93; 1521.90.10.00

(2) 2006.00.10; 2009

(3) 2105.00; 2106.90.20.00; 2106.90.98.33; 2106.90.98.37; 2106.90.98.39

(4) 2307.00"
MT,REDUCED,PHARMACEUTICAL_PRODUCTS,EXEMPTED,0.0,"Supply of pharmaceutical products taxed at 0% (exempt with credit) from VAT.

Pharmaceutical products refers to the goods specified in the Customs Tariff contained in the First Schedule to the Import Duties Act classified under the CN codes listed.

The exemption does not apply to items falling under sub-headings 3001 and 3002 where these items are not used for therapeutic or prophylactic purposes"
MT,REDUCED,PHARMACEUTICAL_PRODUCTS,EXEMPTED,0.0,"With effect from 01/01/2025 the supply of medical items essential to compensate and overcome cancer in humans (mastectomy undergarments, urinary incontinence management devices, vacuum constriction devices, scalp cooling systems, absorbent incontinence care products and supportive medical undergarments)."
MT,REDUCED,TRANSPORT_PASSENGERS,EXEMPTED,0.0,"The exemption applies to domestic public passenger transport on scheduled routes per regulation 68B, international air and sea passenger transport, scheduled inter-island sea transport by authorized carriers, regular sea passenger transport, and regular transport of students and workers to and from recognized educational establishments and workplaces."
MT,REDUCED,BROADCASTING_SERVICES,EXEMPTED,0.0,"The exemption is limited to all activities of public radio and television bodies, excluding those of a commercial nature."
MT,REDUCED,MEDICAL_CARE,EXEMPTED,0.0,"Exemption is limited to the provision of medical care by persons in the exercise of any profession regulated by the Health Care Professions Act, the Psychology Profession Act, the Counselling Profession Act, the Psychotherapy Profession Act (or any Acts which may substitute them), the provision of care or medical/surgical treatment in a government hospital/institution approved by the Minister."
MT,REDUCED,MEDICAL_CARE,EXEMPTED,0.0,With effect from 01/01/2025 medical care provided by counsellors and psychotherapists are exempt (without credit). The same exemption has been extended to the supply of services by dental technicians in their professional capacity and to the supply of dental prostheses by dentists and dental technicians.
MT,REDUCED,SUPPLY_WATER,EXEMPTED,0.0,The exemption refers to the supply of water services by a public authority.
MT,REDUCED,SOCIAL_WELLBEING,EXEMPTED,0.0,Exemption is only limited to welfare services supplied by government or by any institution or organisation recognised as a non-profit making institution or approved by the Minister for this purpose. No applicable CPA code.
MT,REDUCED,SECURITY_MANAGEMENT,PARKING_RATE,12.0,
MT,REDUCED,CREDIT_MANAGEMENT,PARKING_RATE,12.0,
MT,REDUCED,HIRING_SHORT_PERIOD,PARKING_RATE,12.0,"Hiring of a pleasure boat to a person according to an agreement for any term or part of a term that, when added to the term of a previous hiring, of the same goods or of other goods of the same kind, to the said person during the previous twelve (12) months ending on the date of the beginning of the existing hiring, does not exceed five (5) weeks."
MT,REDUCED,BODY_CARE_SERVICES,PARKING_RATE,12.0,"Services consisting of the care of the human body required to be delivered by a person in the exercise of any profession regulated by the Health Care Professions Act (Cap.464), including services supplied in the course of a health studio business or similar business, but not including exempt supplies referred to in item 11 of Part Two of the Fifth Schedule."
MT,REDUCED,FOODSTUFFS,REDUCED_RATE,5.0,Some confectionery & similar items are taxed at the reduced rate of 5%.
MT,REDUCED,PHARMACEUTICAL_PRODUCTS,REDUCED_RATE,5.0,"- Medical accessories: This reduced rate does not apply to medical accessories falling under CN codes 3001 and 3002 where such items are used for therapeutic or prophylactic purposes;

- For code 3307 90 00, the reduced rate applies solely to solutions for contact lenses.

- In May 2020, the reduced rate has been extended to protective face masks and visors, excluding diving equipment."
MT,REDUCED,MEDICAL_EQUIPMENT,REDUCED_RATE,5.0,"This reduced rate applies to the following items (and CN codes) for the exclusive use of the disabled (part 1):
- raised toilet seats (3924 90 00);
- pressure relief cushions (4014 90, 8714 20 00 and 9404 90);
- padded/inflatable toilet seats (4016 95 00 and 4016 99 98);
- pressure relief mattresses (6306 41 00, 6306 49 00, 9404 21 and 9404 29);
- white sticks (6602 00 00);
- walking sticks and ferrules (6603 90 00);
- gutter frames (7325 10, 7325 99, 7326 19, 7326 90 and 7907 00);"
MT,REDUCED,LOAN_LIBRARIES,REDUCED_RATE,5.0,"(i) Not applicable to library loans, and ""production of publications of non-profit-making organisations and services related to such production"".

(ii) This reduced rate has been extended to also include e-books."
MT,REDUCED,NEWSPAPERS,REDUCED_RATE,5.0,This reduced rate has been extended to also include e-newspapers.
MT,REDUCED,PERIODICALS,REDUCED_RATE,5.0,This reduced rate has been extended to also include periodicals provided electronically.
MT,REDUCED,FOODSTUFFS,EXEMPTED,0.0,"Food for human consumption, excluding food supplied for catering, is taxed at 0% (exempt with credit).  

The above exemption does not apply to items classified under the following subheadings in the First Schedule of the Import Duties Act:

(1) 0101.10.10.00; 0106.11.00.00; 0106.12.00.00; 0106.19.90.00; 0106.20.00.00; 0106.31.00.00; 0106.32.00.00; 0106.39.90.00; 0106.90.00.00

(2) 0206.10.10.00; 0206.29.10.00; 0206.80.10.00; 0206.90.10.00

(3) 0301.10.10.00; 0301.10.90.00"
MT,REDUCED,MEDICAL_EQUIPMENT,REDUCED_RATE,5.0,"This reduced rate applies to the following items (and CN codes) for the exclusive use of the disabled (part 2):
- hoists (8425 11 90 and 8425 19 91);
- platform lift/swimming pool lifters (8428 10 91 and 8428 20 99);
- chairlifts (8428 60 00);
- bath tub lifters (8428 90 98);
- lifts to get wheelchair into a car (8428 90 98);
- braille typewriters (8469 12 00, 8469 20 00 and 8469 30 00);"
MT,REDUCED,MEDICAL_EQUIPMENT,REDUCED_RATE,5.0,"This reduced rate applies to the following items (and CN codes) for the exclusive use of the disabled (part 3):
- amplifiers for communication devices for people with impaired hearing (8518 40 91 and 8518 40 99);
- children special walkers, prone standers, wheelchairs (manual), special seats/buggies/wheelchairs (8713 10 00);
- wheelchairs (electrical) (8713 90 00)"
MT,REDUCED,FOODSTUFFS,EXEMPTED,0.0,"Food for human consumption, excluding food supplied for catering, is taxed at 0% (exempt with credit) (part 2).  

The above exemption does not apply to items classified under the following subheadings in the First Schedule of the Import Duties Act:

(1) 1207.30.90; 1207.99.91.00; 1209.30.00.00; 1209.99.10; 1209.99.91.00; 1209.99.99.00; 1211.90.30

(2) 1301.10.00.00; 1302.11.00; 1302.14.00; 1302.19.05; 1302.19.30; 1302.19.91; 1302.19.98; 1302.20.10; 1302.20.90"
MT,REDUCED,FOODSTUFFS,EXEMPTED,0.0,"Food for human consumption, excluding food supplied for catering, is taxed at 0% (exempt with credit) (part 3).  

The above exemption does not apply to items classified under the following subheadings in the First Schedule of the Import Duties Act:

1501.00.11.00; 1502.00.10.00; 1511.10.10.00; 
1511.90.91.00; 1512.11.10.00; 1512.19.10.00;   1512.21.10.00; 1512.29.10.00; 1513.11.10.00; 1513.19.30.00; 1513.21.11.00; 1513.21.19.00; 1513.29.30.00"
MT,REDUCED,MEDICAL_EQUIPMENT,REDUCED_RATE,5.0,"This reduced rate applies to the following items (and CN codes) for the exclusive use of the disabled (part 4):
- car adaptation-handcontrols, swivel seats (9401 30 10 and 9401 30 90);
- toilet frames/surrounds (9401 79 00);
- special feeder chairs (9402 90 00);
- mouthsticks (9608 39 90)"
MT,REDUCED,PICTURES,REDUCED_RATE,5.0,"Reduced rate only limited to the importation of works of art, collector’s items and antiques as defined in the VAT Act."
MT,REDUCED,IMPRESSIONS,REDUCED_RATE,5.0,"Reduced rate only applicable to the importation of works of art, collector’s items and antiques as defined in the VAT Act."
MT,REDUCED,SCULPTURES,REDUCED_RATE,5.0,"Reduced rate only applicable to the importation of works of art, collector’s items and antiques as defined in the VAT Act."
MT,REDUCED,POSTAGE,REDUCED_RATE,5.0,"Reduced rate only applicable to the importation of works of art, collector’s items and antiques as defined in the VAT Act."
MT,REDUCED,ZOOLOGICAL,REDUCED_RATE,5.0,"Reduced rate only applicable to the importation of works of art, collector’s items and antiques as defined in the VAT Act."
MT,REDUCED,100_YEARS_OLD,REDUCED_RATE,5.0,Reduced rate only applicable to antiques as defined in the VAT Act.
MT,REDUCED,DOMESTIC_CARE,REDUCED_RATE,5.0,
MT,REDUCED,CLOTHING_REPAIR,REDUCED_RATE,5.0,Reduced rate applies to the minor repairing of clothing and household linen (including mending and alteration).
MT,REDUCED,SHOES_REPAIR,REDUCED_RATE,5.0,Reduced rate applies to the minor repairing of shoes and leather goods.
MT,REDUCED,CULTURAL_EVENTS,REDUCED_RATE,5.0,"This reduced rate does not extend to online performances and applies only to admission to museums, art exhibitions, concerts and theatres. No applicable CPA code."
MT,REDUCED,SCULPTURE_CASTS,REDUCED_RATE,5.0,"Reduced rate only applicable to the importation of works of art, collector’s items and antiques as defined in the VAT Act."
MT,REDUCED,ENAMELS,REDUCED_RATE,5.0,"Reduced rate only applicable to the importation of works of art, collector’s items and antiques as defined in the VAT Act."
MT,REDUCED,TAPESTRIES,REDUCED_RATE,5.0,"Reduced rate only applicable to the importation of works of art, collector’s items and antiques as defined in the VAT Act."
MT,REDUCED,CERAMICS,REDUCED_RATE,5.0,"Reduced rate only applicable to the importation of works of art, collector’s items and antiques as defined in the VAT Act."
MT,REDUCED,PHOTOGRAPHS,REDUCED_RATE,5.0,"Reduced rate only applicable to the importation of works of art, collector’s items and antiques as defined in the VAT Act."
MT,REDUCED,ACCOMMODATION,REDUCED_RATE,7.0,The reduced rate is limited to accommodation required to be licensed in virtue of the Malta Travel and Tourism Services Act (or any Act substituted therefor).
NL,REDUCED,FOODSTUFFS,REDUCED_RATE,9.0,"Tabel I prov. a.1: foodstuff for human consumption, products used for preparation of human foodstuff that are wholly/partially incorporated in these foodstuff, supplements/substitutes for human foodstuff;
Excluded: living animals, except if consumed raw."
NL,REDUCED,PHARMACEUTICAL_PRODUCTS,REDUCED_RATE,9.0,"Tabel I prov. a.6: medicines as referred to in article 1-1-B of the 'Geneesmiddelenwet' (Dutch 'Medicine Act') for which a marketing authorization as referred to in article 1, section III of that act has been granted or for which a marketing authorization is not required pursuant to article 40-3-A to G of that act; contraceptives; infusion fluids; kidney dialyses concentrates; and inhalation gases apparently intended for medical purposes."
NL,REDUCED,PHARMACEUTICAL_PRODUCTS,REDUCED_RATE,9.0,"Tabel I prov. a.7: veterinary medicines as referred to in the 'Wet dieren' (Dutch 'Animal Act'), which are used in or on the animal itself (in vivo use). 
Excluded: products that are necessary to make a diagnosis and that are applied to tissue or body fluids originating from animals (in vitro use) are excluded; products that are used in the animal's living environment."
NL,REDUCED,SOLAR_PANELS,EXEMPTED,0.0,Tabel II prov. a.10: A zero rate is applicable for the supply and installation of solar panels [panels that have the function of generating electricity from sunlight with photovoltaic cells (also known as PV cells or solar cells)] on and adjacent to private dwellings. An important condition for the 0% rate is that the panels are installed on or near a home.
NL,REDUCED,MEDICAL_EQUIPMENT,REDUCED_RATE,9.0,"Tabel I prov. a.31 and b.1: certain braille products; clocks, optical reading devices, TV magnifiers, reading platforms, orientation aids, support, tactile and recognition canes designed for personal use of blind and partially sighted persons; guide dogs; other aids designated by ministerial regulation that have been specially designed for exclusive and personal use by blind and partially sighted persons; reading pens and other equipment with similar function, equipment for use by dyslexics."
NL,REDUCED,PHARMACEUTICAL_PRODUCTS,REDUCED_RATE,9.0,"Tabel I prov. a.8: bandages such as cottonwool, mesh, adhesives, band aids, tampons, splints and similar products for pharmaceutical purposes; first aid kits; sanitary napkins; maternity matrasses; incontinence products; products that with regard to use can be equated with said bandages and are developed and offered for medical purposes. 'Bandages' only encompasses products that serve to cover injured body parts. 
Excluded: consumer articles (such as clothing) which have a therapeutic effect."
NL,REDUCED,LOAN_LIBRARIES,REDUCED_RATE,9.0,"Tabel I prov. a.30, b.2, b.21: digital or physical supplies (including on loan of): books; digital educational information that is provided on physical carriers and that is apparently intended exclusively or almost exclusively for the transfer of information in education; newspapers, weeklies, magazines and other publications appearing periodically at least three times a year."
NL,REDUCED,ANTIQUES,REDUCED_RATE,9.0,"Tabel I, prov. a.29: works of art, collectors' items and antiques, insofar as these are imported; or insofar these are supplied by: the maker or his successor in title under universal title; or an entrepreneur, other than a reseller, who fully deducts the tax on his  acquisition
Works of art, objects for collections and antiques are defined in Article 2a, first paragraph, under m, of the Act in connection with Article 4, second paragraph, of the implementing order and the annex J to that order."
NL,REDUCED,SUPPLY_WATER,REDUCED_RATE,9.0,"Tabel I prov. a.28: including water supplied via the public mains network; distilled water; warm water; and 'other water' (surface water not suitable for human consumption but usable for non-consumptive purposes such as rinsing activities or sprinkling crops).
Excluded: demineralized, deironed and softened water; river water and sea water (2501 00 10) whether or not intended for scientific purposes; ice and steam."
NL,REDUCED,MEDICAL_EQUIPMENT,REDUCED_RATE,9.0,"Tabel I prov. a.35 and b.1: artificial limbs; devices for taking over the fixation function of a malfunctioning hand; leg braces, fracture bands, artificial joints; artificial eyes, -ears, -kidneys; certain prostheses; heart and muscle stimulators; hearing aids; stuttering ear aids; aids for stoma patients; orthopedic footwear; devices for taking off therapeutic elastic compression stockings; orthopedic corsets; parts, components and accessories apparently intended for the aforementioned goods"
NL,REDUCED,MEDICAL_EQUIPMENT,REDUCED_RATE,9.0,"Tabel I prov. a.34 and b.1: carriages and crutches for the disabled; stand-up chairs; high-low beds. A vehicle for the disabled is defined as a means of transport that is designed to be used by a disabled person. The term can also include motor vehicles which are equipped for use by a disabled person. 

Only carriages that within social standards are regarded as a vehicle for the invalid on the basis of its destination and presentation are included."
NL,REDUCED,MEDICAL_EQUIPMENT,REDUCED_RATE,9.0,"Tabel I prov. a.36 and b.1: aids that are usually used for the subcutaneous administration of insulin, with the exception of syringes and needles that are apparently also suitable for other purposes; aids that are usually used for the self-diagnosis of blood sugar levels. 

Only included are the mentioned devices specifically developed for diabetics and offered as such. Generally applicable aids such as individual injection needles and syringes are excluded."
NL,REDUCED,PLANT,REDUCED_RATE,9.0,"Tabel I prov. a.48: floricultural products (bulbs, flowers, plants and tree nursery products)"
NL,REDUCED,MEDICAL_EQUIPMENT,REDUCED_RATE,9.0,"Tabel I prov. a.37 and b.1: measuring equipment and accessories for self-diagnosis of the coagulation time of blood; drug nebulizers; catheters; urine bags; allergen-free covers; anti-decubitus mattresses; portable infusion pumps; oxygen concentrates and accessories, and carrying straps or bags specially designed for personal mobile use for an oxygen cylinder or oxygen container; computer mouse software, whether or not supplied by electronic means, specially developed for users with tremor."
NL,REDUCED,PRIVATE_DWELLINGS,REDUCED_RATE,9.0,"Tabel I prov. b.19: the application of energy-saving materials to floors, walls and roofs of housing in use for more than 2 years, when this service is aimed at making housing more energy-efficient. 
Structural components such as windows and doors are a normal part of housing and as such are not insulating material. 
Excluded: the supplies of materials which account for part of the value of the included services."
NL,REDUCED,PRIVATE_DWELLINGS,REDUCED_RATE,9.0,"Tabel I prov. b.8: Painting and plastering of private dwellings (i.m. intended for permanent residence by individuals) more than two years after first use. 

Painting: processing and application of paint or painting system (whole of activities associated with the pre-treatment of a specific surface and subsequent finishing of that surface with specific paint products.)

Plastering: preparation and pre-treatment work a plasterer performs before proceeding to actual plastering;  plastering."
NL,REDUCED,TRANSPORT_PASSENGERS,REDUCED_RATE,9.0,"Tabel I prov. b.9: private bus transport; public transport and taxi transport as referred to in Article 1 of the 'Wet personenvervoer 2000 (Dutch 'Passenger Transport Act 2000'), taxi transport of persons by road other than by car, and the transport of persons by aircraft if the place of departure and the place of destination are located in the Netherlands insofar as this transport takes place by balloons or by aircraft equipped for the transport of ill or injured persons;"
NL,REDUCED,ACCOMMODATION,REDUCED_RATE,9.0,"Tabel I prov. b.10: providing the opportunity to camp within the context of a camping and holiday business to persons who only stay there for a short period. The term ""camp and holiday business"" should be interpreted according to parlance. It is not required that the lessor provides the additional services that camping sites normally provide. 'providing the opportunity to camp' must also be interpreted according to parlance."
NL,REDUCED,RESTAURANT,REDUCED_RATE,9.0,"Tabel I prov. b.12: serving out foodstuffs for human consumption, for use on site within the context of a hotel, café, restaurant, guesthouse and related businesses. The supply of freshly prepared food or edible products for immediate consumption in snack bars, snack vans, cinema foyers, sports club canteens and such is considered a supply of goods, unless the services accompanying the delivery of the foodstuffs predominate."
NL,REDUCED,CULTURAL_EVENTS,REDUCED_RATE,9.0,"Tabel I prov. b.14 to b.15: granting (physical) access to circusses; zoos; public museums or collections (including closely related supplies of goods, such as catalogs, photographs); music and stage performances, including lectures (excluding peep shows/other performances primarily aimed at erotic entertainment); cinemas; amusement parks, playgrounds and gardens, other facilities primarily and permanently furnished to entertainment and day recreation."
NL,REDUCED,WINDOW_CLEANING,REDUCED_RATE,9.0,"Tabel I prov. b.20: regular cleaning services regarding the interior of private households (including closed corridors) are included. Excluded: cleaning services regarding the exterior of private households, cleaning services regarding other buildings than private households and cleaning services that are not considered regular cleaning services regularly performed by a cleaner (such as special services performed with special equipment, e.g. cleaning of chimney, central heating)."
NL,REDUCED,SPORTING_EVENTS,REDUCED_RATE,9.0,"Tabel I prov. b.3 and b.14, f: the granting of (physical) access to spectators of sports competitions, demonstrations and the like. Sports competitions are events where people actively participate in sports. Sports demonstrations are, for example, shows of the Harlem Globetrotters (basketball), performances of the Spanish Riding School (horse dressage) and shows of Wrestlemania (wrestling); use of sporting facilities."
NL,REDUCED,WRITERS_SERVICES,REDUCED_RATE,9.0,Tabel I prov. b.17: performances by performing artists. This includes performances by artists in music and stage performances as meant in the foregoing item. The reduced VAT rate only applies to performances that can be (in)directly heard or viewed by an audience. Rehearsals associated with and necessary for those performances are included. Excluded: providing the opportunity to participate in a performance and organizing performances.
NL,REDUCED,SHOES_REPAIR,REDUCED_RATE,9.0,"Tabel I prov. b.5: Footwear: all kinds of footwear such as (sports) shoes, sandals, ski boots. Skates, inline skates and such can be regarded as footwear for the shoe part. Which material the footwear is made of is irrelevant. 'Leather goods' include small articles made from leather (leather suitcases and bags, gloves, wallets and belts, etc). Repair of large leather utensils (such as furniture); grinding and straightening skates and supplies of goods sold separately (laces etc.)are excluded."
NL,REDUCED,CLOTHING_REPAIR,REDUCED_RATE,9.0,"Tabel I prov. b.6 Household linen: all textile items used in a household (curtains, cloths, and (beach) towels, etc.). Rugs and the upholstery of sofas and chairs are not considered household linen. 
Both repairing and altering are included (sealing holes and tears and replacing buttons, zippers, lengthening/shortening and tightenig/loosening etc.). Excluded are, a.o.: washing, dry cleaning, steaming, pressing, embroidery/appliqué, and  production of clothing/household linen on commission."
NL,REDUCED,HAIRDRESSING,REDUCED_RATE,9.0,"Tabel I prov. b.7: activities a hairdresser usually performs on human hair (cutting, washing, blow drying, dyeing, shaving etc). Products that hairdressers use when treating hair ( shampoo, hair dye, etc.) and inexpensive hair ornaments incorporated into a hairstyle that are not separately charged and application of hair extensions and measurement and overhaul of wigs and toupees are also included. The material used for those services (hair extension, wig or toupee) is excluded."
PL,REDUCED,FOODSTUFFS,REDUCED_RATE,5.0,"Dietary foods for special medical purposes regardless of CN code. As regards CN codes 12: (only for human consumption), 15 (only edible products), 1601-1604 (except for products containing sea food CN 1603 00, caviar CN 1604 31 00, caviar substitutes CN 1604 32 00)"
PL,REDUCED,FOODSTUFFS,REDUCED_RATE,5.0,"CONTINUATION OF THE ABOVE INDICATION/COMMENT

As regards CN codes: 20 (excluding products with alcohol content over 1,2%), 2106 (only fats of plant and/or animal products, some kinds of cheese, infant milk and follow-on milk), 2202 (only certain yoghurt, buttermilk not falling under chapter 4 of the CN code and not containg extracts, essences and concentrates of coffee, certain non-alcoholic fruit beverages, certain milk, infant milk and follow-on milk)"
PL,REDUCED,PHARMACEUTICAL_PRODUCTS,REDUCED_RATE,5.0,"Sanitary towels (pads) and tampons, napkins and napkin liners for babies, and similar articles, of any material, menstrual cups (as of 1 April 2025)"
PL,REDUCED,LOAN_LIBRARIES,REDUCED_RATE,5.0,"Books, music scores, maps supplied electronically (other than publications wholly or predominantly devoted to advertising and other than publications wholly or predominantly consisting of video content or audible music) are subject to 5% VAT rate regardless of CPA code.
As regards CN codes 4901 (excluding leaflets), 8523 (only books, music scores, maps on physical means of support)"
PL,REDUCED,PERIODICALS,REDUCED_RATE,5.0,"As regards CN codes: 4902 (only regional or local periodicals), 4911 (only regional or local yearbooks),  8523 (only regional or local periodicals and yearbooks on physical means of support)"
PL,REDUCED,CHILDREN_CAR_SEATS,REDUCED_RATE,5.0,"The Polish VAT rules do not provide for CN codes with respect to those items. Pursuant to Article 41(2a), item 23 of Annex 10 to Act of 11 March 2004 on Goods and Services Tax reduced rate is applied to car seats for children regardless of CN Code."
PL,REDUCED,FOODSTUFFS,REDUCED_RATE,8.0,"Goods listed in Annex 3 to the Polish VAT Act.
Feedingstuffs for livestock and petfood (regardless of CN code): As regards CN codes: 0106 (only rabbits, ostriches, bees, silkworms, bumblebees, arthropods, trained dogs for the blind), 2101 (only roasted chicory and other roasted coffee substitutes, and extracts, essences and concentrates)"
PL,REDUCED,AGRICULTURAL_PRODUCTION,REDUCED_RATE,8.0,"Fertilizers, plant protection products, feedingstuffs for livestock and petfood,potting soil (regardless of CN),soil improver, plant biostimulant, growing medium (excluding mineral growing medium), microbial fertilising products (included in the official list of microbial fertilising products) in the meaning of The Act on fertilisers and fertilising,"
PL,REDUCED,FOODSTUFFS,REDUCED_RATE,8.0,"Goods listed in Annex 3 to the Polish VAT Act.
As regards CN codes (continuation): 2106  (exc. for fats of plant and/or animal products, certain kinds of cheese, infant milk and follow-on milk, products with an alcohol content over 1,2%), 3503 (only gelatin and its derivatives)"
PL,REDUCED,SUPPLY_WATER,REDUCED_RATE,8.0,"As regards CN 2201 only water supplies by distrubition networks, tanks, other transport modes"
PL,REDUCED,NEWSPAPERS,REDUCED_RATE,8.0,"Newspapers or journals supplied electronically (other than publications wholly or predominantly devoted to advertising and other than publications wholly or predominantly consisting of video content or audible music) are subject to 8% VAT rate regardless of CPA code. As regards CN codes: 4902 (excluding regional or local periodicals), 8523 (only newspapers or journals on physical means of support), CPA code 91.01 (only lending of newspapers on physical means of support by libraries)"
PL,REDUCED,PERIODICALS,REDUCED_RATE,8.0,"Periodicals supplied electronically (other than publications wholly or predominantly devoted to advertising and other than publications wholly or predominantly consisting of video content or audible music) are subject to 8% VAT rate regardless of CPA code. 
As regards CN codes: 4902 (periodicals other than regional or local ones), 8523 (only periodicals on physical means of support other than regional or local ones)"
PL,REDUCED,PHOTOGRAPHS,REDUCED_RATE,8.0,"The Polish VAT rules, following the VAT Directive, do not provide for CN codes with respect to those items (the CN code 4911 91 is provided illustratively only)."
PL,REDUCED,TAPESTRIES,REDUCED_RATE,8.0,
PL,REDUCED,MEDICAL_EQUIPMENT,REDUCED_RATE,8.0,"Comments (continuation) 8% VAT rate is applied to certain equipment for blind persons (CN codes: 8442 30 00, 8471, 8472 90). Devices for writing and reading texts in Braille are subject to the reduced rate regardless of CN codes."
PL,REDUCED,PICTURES,REDUCED_RATE,8.0,
PL,REDUCED,IMPRESSIONS,REDUCED_RATE,8.0,
PL,REDUCED,SCULPTURES,REDUCED_RATE,8.0,
PL,REDUCED,SCULPTURE_CASTS,REDUCED_RATE,8.0,
PL,REDUCED,POSTAGE,REDUCED_RATE,8.0,
PL,REDUCED,ZOOLOGICAL,REDUCED_RATE,8.0,
PL,REDUCED,100_YEARS_OLD,REDUCED_RATE,8.0,
PL,REDUCED,STREET_CLEANING,REDUCED_RATE,8.0,As regards CPA code 37 (only sewage disposal services; sewage purification)
PL,REDUCED,TRANSPORT_PASSENGERS,REDUCED_RATE,8.0,
PL,REDUCED,ACCOMMODATION,REDUCED_RATE,8.0,
PL,REDUCED,RESTAURANT,REDUCED_RATE,8.0,"CPA Code 56 (except for tea, coffee, alcoholic drinks, carbonated soft drinks, mineral water, other unprocessed products, seafood meals)"
PL,REDUCED,LOAN_LIBRARIES,REDUCED_RATE,8.0,"CPA code 91.01 (only lending of books, music scores, maps on physical means of support by libraries)"
PL,REDUCED,SHOES_REPAIR,REDUCED_RATE,8.0,
PL,REDUCED,CLOTHING_REPAIR,REDUCED_RATE,8.0,
PL,REDUCED,HAIRDRESSING,REDUCED_RATE,8.0,As regards CPA code 96.02.14 (only hairdressing at home).
PL,REDUCED,UNDERTAKERS_SERVICES,REDUCED_RATE,8.0,
PL,REDUCED,PHARMACEUTICAL_PRODUCTS,REDUCED_RATE,8.0,"The Polish VAT rules do not provide for CN codes to those products. Pursuant to Article 41(2),146ef(1)(2) item 14 of Annex 3 to Act of 11 March 2004 on Goods and Services Tax reduced rate is applied to pharmaceutical products admitted to trading in the territory of Poland in accordance with the provisions of Act of 6 September 2001-Pharmaceutical Law and those that have obtained a permit issued by the Council of the EU or the European Commission (regardless of CN)."
PL,REDUCED,MEDICAL_EQUIPMENT,REDUCED_RATE,8.0,"The Polish VAT rules do not provide for CN codes with respect to those items. Pursuant to Article 41(2), 146ef(1)(2), item 13 of Annex 3 to Act of 11 March 2004 on Goods and Services Tax reduced rate is applied to medical devices, accessories for medical devices, systems and procedure packs within the meaning of the Regulation (EU)2017/745 of The European Parliament and of the Council of 5 April 2017 on medical devices,  admitted to trading in the territory of Poland"
PL,REDUCED,CULTURAL_EVENTS,REDUCED_RATE,8.0,"The Polish VAT rules do not provide for CPA codes with respect to those services. Pursuant to Article 41(2), 146ef(1)(2), item 64, 65, 66, 68 of Annex 3 to Act of 11 March 2004 on Goods and Services Tax reduced rate is applied to admission to (regardless of CPA codes): artistic performances,including circus performances, cultural facilities;amusement parks,theme parks, discos, dance halls; libraries, archives, museums and other cultural services; other services related to leisure."
PL,REDUCED,BROADCASTING_SERVICES,REDUCED_RATE,8.0,"The Polish VAT rules do not provide for CPA codes to those services. Pursuant to Article 41(2), 146ef(1)(2),item 48 of Annex 3 to Act of 11March 2004 on Goods and Services Tax, the 8% rate is applied to services, other than electronic services (regardless of CPA codes), consisting in enabling reception of TV and radio programmes, within the meaning of Radio and TV Broadcasting regulations,by means of reception facilities,excluding rental of films and programmes at a time chosen by the recipient."
PL,REDUCED,WRITERS_SERVICES,REDUCED_RATE,8.0,"The Polish VAT rules do not provide for CPA codes with respect to those services. Pursuant to Article 41(2), 146ef(1)(2) item 63 of Annex 3 to Act of 11 March 2004 on Goods and Services Tax reduced rate is applied to services of authors and performers within the meaning of the Act of 4 February 1994 on copyright and related rights remunerated in the form of fees for the transfer or licensing of copyrights or rights to artistic performance (regardless of CPA codes)."
PL,REDUCED,HOUSING_PROVISION,REDUCED_RATE,8.0,"The Polish VAT rules do not provide for CPA codes to those services. The 8% rate is applied to services regarding building structures or parts thereof included in house-construction covered by a social housing programme within the meaning of and in line with the rules laid down in Article 41, paragraphs 12-12e of Act of 11 March 2004 on Goods and Services Tax."
PL,REDUCED,PRIVATE_DWELLINGS,REDUCED_RATE,8.0,"The Polish VAT rules do not provide for CPA codes to those services. The 8% rate is applied to services regarding building structures or parts thereof included in house-construction covered by a social housing programme within the meaning of and in line with the rules laid down in Article 41, paragraphs 12-12e of Act of 11 March 2004 on Goods and Services Tax."
PL,REDUCED,SPORTING_EVENTS,REDUCED_RATE,8.0,"The Polish VAT rules do not provide for CPA codes with respect to those services. Pursuant to Article 41(2), 146ef(1)(2), item 67 of Annex 3 to Act of 11 March 2004 on Goods and Services Tax the VAT reduced rate is applied to admission to sporting events regardless of CPA codes."
PL,REDUCED,AGRICULTURAL_PRODUCTION,REDUCED_RATE,8.0,"(continuation) liming material,plant biostimulant,growing medium,fertilising product blend referred to in Regulation (EU) 2019/1009 of the European Parliament and of the Council of 5 June 2019 laying down rules on the making available on the market of EU fertilising products and amending Regulations(EC)No 1069/2009 and (EC)No 1107/2009 and repealing Regulation (EC) No 2003/2003,excluding mineral growing medium and growing medium for mushrooms and inhibitors"
PL,REDUCED,MEDICAL_EQUIPMENT,REDUCED_RATE,8.0,CONTINUATION:(regardless of CN codes) as well as to repair of such of goods and to in vitro diagnostic medical devices and accessories for in vitro diagnostic medical devices within the meaning of the Regulation (EU) 2017/746 of the European Parliament and of the Council of 5April2017 on in vitro diagnostic medical devices and repealing Directive98/79/EC and Commission Decision 2010/227/EU admitted to trading in the territory of Poland (regardless of CN codes) as well as to repair of such goods.
PL,REDUCED,AGRICULTURAL_PRODUCTION,REDUCED_RATE,8.0,"(continuation) As regards CN codes:0511 (semen of certain animals), 09 (seeds),12 (except for human consumption); 
CPA Codes: 01.6 (exc. services of farriers and services relating to running farm animal shelters), CPA 02.40.10 (exc. forest patrolling ordered by units other than forest units and advising on forest management), 03.00.7 (exc. services related to sea fishery)"
PL,REDUCED,TEMPORARY_EXEMPTION_RATE,SUPER_REDUCED_RATE,8.0,"Certain beauty treatment services (CPA codes: 96.02.13, 96.02.14. (cosmetic treatment, manicuring and pedicuring services, at home) 96.02.19 - from 1 April 2024"
PT,REDUCED,FOODSTUFFS,REDUCED_RATE,6.0,"Foodstuffs are also taxed at 0%,13% and 23%."
PT,REDUCED,AGRICULTURAL_PRODUCTION,REDUCED_RATE,6.0,"Some products are taxed at 13%. 
The tax rate on animals applies only to live stock, agricultural labor and reproductive."
PT,REDUCED,SUPPLY_WATER,REDUCED_RATE,6.0,Supply of bottled water is also taxed at 13%.
PT,REDUCED,SUSTAINABLE_ENERGY,REDUCED_RATE,6.0,"6% for the fixed component of electricity supplies in power contracts 3.45 kVA and for the supply of electricity for consumption, excluding its fixed components, in power contracts 6.90 kVA, and with limits in kWh consumption per 30 days;  
6% for the fixed component of natural gas supplies in lower pressure contracts (10 000 m3); supply and installation of highly efficient low emissions heating systems; firewood"
PT,REDUCED,PHARMACEUTICAL_PRODUCTS,REDUCED_RATE,6.0,"A few pharmaceutical products taxed at 23% (veterinarian purposes and vitamins, per ex.)"
PT,REDUCED,LOAN_LIBRARIES,REDUCED_RATE,6.0,"23% rate applies to books, newspapers and periodicals containing mainly publicity, private advertisements, obscene or pornographic material."
PT,REDUCED,PHOTOGRAPHS,REDUCED_RATE,6.0,
PT,REDUCED,TAPESTRIES,REDUCED_RATE,6.0,
PT,REDUCED,MEDICAL_EQUIPMENT,REDUCED_RATE,6.0,Reduced rate does not apply  to parts and accessories.
PT,REDUCED,PICTURES,REDUCED_RATE,6.0,
PT,REDUCED,IMPRESSIONS,REDUCED_RATE,6.0,
PT,REDUCED,SCULPTURES,REDUCED_RATE,6.0,
PT,REDUCED,SCULPTURE_CASTS,REDUCED_RATE,6.0,
PT,REDUCED,CERAMICS,REDUCED_RATE,6.0,
PT,REDUCED,ENAMELS,REDUCED_RATE,6.0,
PT,REDUCED,NEW_PARKING_RATE,PARKING_RATE,13.0,"The parking rate of 13% applies to: 1. Wine, with the exclusion of “special wines” as fortified wines, liqueur wines or sparkling wines. 2. Agricultural tools and utensils, mobile silos, tractors, pumps and other machinery designed exclusively or mainly for the purpose of agriculture, cattle breeding or forestry. 3. Diesel for agriculture."
PT,REDUCED,STREET_CLEANING,REDUCED_RATE,6.0,
PT,REDUCED,HOUSING_PROVISION,REDUCED_RATE,6.0,"Construction services on social housing or houses with controlled costs; whose promoters are cooperatives, where the dwellings fall within the scope of the social housing policy."
PT,REDUCED,PRIVATE_DWELLINGS,REDUCED_RATE,6.0,"The reduced rate on the repairing of private dwellings excludes cleaning, garden upkeep, swimming pools, sauna, tennis court, golf or mini-golf court, or similar. Includes materials that accounts for less than 20% of the value of the service supplied."
PT,REDUCED,TRANSPORT_PASSENGERS,REDUCED_RATE,6.0,International transport of passengers is subject to a zero rate.
PT,REDUCED,ACCOMMODATION,REDUCED_RATE,6.0,"The reduced rate applies only to accommodation including breakfast, if not separately invoiced, being equivalent to half of the full board price, or ¾ of the half board price."
PT,REDUCED,MEDICAL_CARE,REDUCED_RATE,6.0,When not exempt under Article 132 (1) (b) to (e)
PT,REDUCED,DOMESTIC_CARE,REDUCED_RATE,6.0,"Supplies of home help services to children, the elderly, drug addicts, the sick or the disabled. Assistance services by telephone to the elderly and chronic patients."
PT,REDUCED,FOODSTUFFS,REDUCED_RATE,13.0,
PT,REDUCED,SUPPLY_WATER,REDUCED_RATE,13.0,
PT,REDUCED,FOSSIL_FUEL,REDUCED_RATE,13.0,"Colored and marked diesel sold under the conditions and legally defined purposes, and fuel oil and respective mixtures."
PT,REDUCED,RESTAURANT,REDUCED_RATE,13.0,The reduced rate excludes alcoholic beverages and soft drinks .
PT,REDUCED,REGION,REDUCED_RATE,16.0,Azores Autonomous Region
PT,REDUCED,REGION,REDUCED_RATE,22.0,Madeira Autonomous Region
PT,REDUCED,TEMPORARY_EXEMPTION_RATE,SUPER_REDUCED_RATE,6.0,newsprint
RO,REDUCED,MEDICAL_EQUIPMENT,EXEMPTED,0.0,"Supply of prostheses and their accessories, with the exception of dental prostheses exempt from tax under art.292 para.(1) lett.(b) and supply of orthopedic products. When those goods are imported from a third territory or a third country, the reduced VAT rate is conditioned by submission of the Customs Notice for medical devices or the Declaration of conformity of the medical device manufacturer according to art.12 of the Order no.1009/2016. Art.294 para.(5) letters c), d) of the Fiscal Code."
RO,REDUCED,FOODSTUFFS,REDUCED_RATE,11.0,"Food, including beverages, intended for human and animal consumption, live animals and poultry of domestic species, except alcoholic beverages, non-alcoholic beverages NC 2202, foods with added sugar, whose total sugar content is at least 10g/100g product, other than milk formula for newborns, infants and young children, food supplements defined by Law No. 56/2021: art. 291 para (2) lett. b) of Fiscal Code and point 37 (4)-(4^3) of Norms."
RO,REDUCED,AGRICULTURAL_PRODUCTION,REDUCED_RATE,11.0,"The reduced VAT rate shall be applied for the supply of fertilizers and pesticides used in agriculture, seeds and other agricultural products intended for sowing or planting, corresponding to the CN codes mentioned below. For details see art. 291 para. (2) letter e) of the Fiscal Code and art. 1 para. (1) of the Order no. 4634/2022."
RO,REDUCED,FOODSTUFFS,REDUCED_RATE,11.0,"The reduced rate is applied only if the supplier can prove that the goods, except foods with added sugar, whose total sugar content is at least 10g/100g product, are used as food for human or animal consumption. When those goods are imported from a third territory or a third country, the application of the reduced rate is conditioned by the submission of the Commitment Declaration regarding the destination of the goods. Point 37 para.(5)-(9) of Norms."
RO,REDUCED,AGRICULTURAL_PRODUCTION,REDUCED_RATE,11.0,"The reduced rate shall be applied for Operations for installing protected spaces, respectively greenhouses and/or solariums; Installation of hail and rain protection systems in vineyards and orchards. For details see art. 291 para. (2) letter e) of the Fiscal Code and points 26 and 39 of the Annex to the Order no. 4634/2022."
RO,REDUCED,LOAN_LIBRARIES,REDUCED_RATE,11.0,"The reduced VAT rate is applied for the supply of school textbooks, books, newspapers and magazines, either on physical means of support and/or supplied electronically, except for those which have, wholly or predominantly, video or music audio content and those intended exclusively or mainly for advertising. See art. 291 para. (2) letter g) of the Fiscal Code corroborated with point 38 of the Methodological Norms."
RO,REDUCED,AGRICULTURAL_PRODUCTION,REDUCED_RATE,11.0,"The reduced rate shall be applied for Forage silage and fodder storage works in livestock farms; Specific works for manure discharge and providing the feed in or from animal breeding farms; Disinfection, plague and pest control in livestock farms; Sheep shearing; Eggs sorting and marking; Cleaning animal hooves. For details see art. 291 para. (2) letter e) of the Fiscal Code and points 20, 29 - 33 of the Annex to the Order no. 4634/2022."
RO,REDUCED,AGRICULTURAL_PRODUCTION,REDUCED_RATE,11.0,The reduced rate shall be applied for Artificial insemination in animals. For details see art. 291 para. (2) letter e) of the Fiscal Code and point 43 of the Annex to the Order no. 4634/2022.
RO,REDUCED,AGRICULTURAL_PRODUCTION,REDUCED_RATE,11.0,"The reduced rate shall be applied for Collecting and baling the vegetal material, by pressing in bales (post-harvest services); Chopping the vegetable scraps; Topping sugar beet; Lining, baling, tying tobacco; Collecting, sorting, conditioning, labelling of vegetables and fruits works. For details see art. 291 para. (2) letter e) of the Fiscal Code and points 10, 11, 16, 17, 25 of the Annex to the Order no. 4634/2022."
RO,REDUCED,AGRICULTURAL_PRODUCTION,REDUCED_RATE,11.0,"The reduced rate shall be applied for Treatment of seeds used in setting up of the agricultural crops, with plant protection products. For details see art. 291 para. (2) letter e) of the Fiscal Code and point 8 of the Annex to the Order no. 4634/2022."
RO,REDUCED,AGRICULTURAL_PRODUCTION,REDUCED_RATE,11.0,The reduced rate shall be applied for Multiplication of seeds. For details see art. 291 para. (2) letter e) of the Fiscal Code and point 44 of the Annex to the Order no. 4634/2022.
RO,REDUCED,AGRICULTURAL_PRODUCTION,REDUCED_RATE,11.0,"The reduced rate shall be applied for Chopping wood cords, branches. For details see art. 291 para. (2) letter e) of the Fiscal Code and point 24 of the Annex to the Order no. 4634/2022."
RO,REDUCED,AGRICULTURAL_PRODUCTION,REDUCED_RATE,11.0,"The reduced rate shall be applied for Levelling the agricultural land, which ensures a flat surface of the crop land, by reducing the micro-relief deviations caused by the other agricultural works; Soil scarification or deep loosening on compacted soils; Unclogging the soil at great depths, in order to favor the roots growth. For details see art. 291 para. (2) letter e) of the Fiscal Code and points 14, 21, 22 of the Annex to the Order no. 4634/2022."
RO,REDUCED,AGRICULTURAL_PRODUCTION,REDUCED_RATE,11.0,"The reduced rate shall be applied for Arrangement of water sources for the animals on meadows, parcelling of meadows; Draining services. For details see art. 291 para. (2) letter e) of the Fiscal Code and points 28, 42 of the Annex to the Order no. 4634/2022, respectively in Order no. 157/2011."
RO,REDUCED,AGRICULTURAL_PRODUCTION,REDUCED_RATE,11.0,Executing or opening drains in order to shape the soil for vegetables – art. 291 para. (2) lett. e) of the Fiscal Code and points 13 of the Annex to the Order no. 4634/2022.
RO,REDUCED,ACCOMMODATION,REDUCED_RATE,11.0,"The reduced VAT rate is applied for accommodation in the hotel sector or sectors with similar function, including renting of camping sites. For details see art. 291 para. (2) letter m) of the Fiscal Code corroborated with point 37 para. (14) of the Methodological Norms."
RO,REDUCED,RESTAURANT,REDUCED_RATE,11.0,"The reduced VAT rate is applied for restaurant and catering services, excluding alcoholic beverages as well as non-alcoholic beverages, falling within CN codes 2202. For details see art. 291 para. (2) letter n) of the Fiscal Code corroborated with point 37 para. (15) of the Methodological Norms."
RO,REDUCED,HOUSING_PROVISION,REDUCED_RATE,11.0,"The reduced VAT rate is applied for the supply of housing as part of social policy, including the land on which they are built (nursing homes and retirement homes, children's homes, and recovery and rehabilitation centers for minors with disabilities). For details see art. 291 para. (2) letter l) of the Fiscal Code corroborated with point 37 para. (16), (19) and (20) of the Methodological Norms."
RO,REDUCED,AGRICULTURAL_PRODUCTION,REDUCED_RATE,11.0,"The reduced rate shall be applied for Setting up and maintenance of genealogical registers of animal breeds; Determination of the genetic quality of animals. For details see art. 291 para. (2) letter e) of the Fiscal Code and points 40, 41 of the Annex to the Order no. 4634/2022."
RO,REDUCED,AGRICULTURAL_PRODUCTION,REDUCED_RATE,11.0,"The reduced rate shall be applied for Disinfection, plague and pest control in wineries and vegetable and fruit storage warehouses. For details see art. 291 para. (2) letter e) of the Fiscal Code and point 30 of the Annex to the Order no. 4634/2022."
RO,REDUCED,AGRICULTURAL_PRODUCTION,REDUCED_RATE,11.0,"The reduced rate shall be applied for Services to combat soil erosion such as Other landscape maintenance services (for the case of wind erosion). For details see art. 291 para. (2) letter e) of the Fiscal Code and point 42 of the Annex to the Order no. 4634/2022, respectively in the Order no. 157/2011."
RO,REDUCED,AGRICULTURAL_PRODUCTION,REDUCED_RATE,11.0,"The reduced rate shall be applied for Eggs packaging services, when packaging is the main activity, including sorting and marking, when these are related/auxiliary operations to packaging. For details see art. 291 para. (2) letter e) of the Fiscal Code and point 32 of the Annex to the Order no. 4634/2022."
RO,REDUCED,CULTURAL_EVENTS,REDUCED_RATE,11.0,"The reduced VAT rate is applied for the services consisting in allowing access to castles, museums, memorial houses, historical monuments, architectural and archaeological monuments, zoological and botanical gardens. See art. 291 para. (2) letter h) of the Fiscal Code."
RO,REDUCED,PHARMACEUTICAL_PRODUCTS,REDUCED_RATE,11.0,The reduced TVA rate is applied for the supply of medicines for human use. See art. 291 para. (2) letter a) of the Fiscal Code.
RO,REDUCED,AGRICULTURAL_PRODUCTION,REDUCED_RATE,11.0,"The reduced VAT rate shall be applied for the supply of chemical fertilizers and chemical pesticides used in agriculture, corresponding to the CN codes mentioned below. For details see art. 291 para. (2) letter f) of the Fiscal Code and art. 1 para. (2) of the Order no. 4634/2022. The provisions shall apply until 31st of December 2031."
RO,REDUCED,WOOD_ARTICLE98,REDUCED_RATE,11.0,"Supply of firewood in the form of logs, in billets, in twigs, in faggots or in similar forms, and sawdust and wood waste and scrap, agglomerated in logs, briquettes, pellets or similar forms. See art. 291 para. (2) letters i), j) of the Fiscal Code."
RO,REDUCED,WOOD_ARTICLE98,REDUCED_RATE,11.0,"The supply for the use as heating fuel of sawdust, waste and non-agglomerated wood scraps, carried out to final beneficiaries, on the basis of a statement of liability made available to the supplier. See art. 291 para. (2) letters i), j) of the Fiscal Code."
RO,REDUCED,AGRICULTURAL_PRODUCTION,REDUCED_RATE,11.0,"Fertilization; Ploughing; Harrowing; Preparing the seedbed with combine and moulding soil; Seed sowing or planting; Land rolling; Spraying, dusting - fight diseases and pests, herbicide; Harvesting or crop dislocation; Collecting and baling the vegetal material, by pressing in bales; Hoeing crops; Pots planting for potatoes and vegetables. For details see art. 291 para. (2) lett. e) of the Fiscal Code and points 1 - 7, 9, 10, 12, 15 of the Annex to the Order no. 4634/2022."
RO,REDUCED,AGRICULTURAL_PRODUCTION,REDUCED_RATE,11.0,"The reduced rate shall be applied for Mowing; Raking; Digging holes for planting trees and vines; Cleaning of unwanted vegetation and destruction of heaps on pastures and hayfields; Meadow overseeding; Planting horticultural grape vines, trees; Deforestation of vineyards and orchards; Installation of support, growing and palisade system for vineyards and orchards. See art. 291 para. (2) letter e) of the Fiscal Code and points 18, 19, 23, 27, 28, 35 - 37 of the Annex to the Order no. 4634/2022."
RO,REDUCED,SUSTAINABLE_ENERGY,REDUCED_RATE,11.0,"Supply of district heating in the cold season (the 5-month period between November 1 of the current year and March 31 of the following year), intended for: the population, public and private hospitals, public and private educational institutions, non-governmental organizations, religious institutions, accredited public and private social service providers. See Art. 291 para. (2), letters k) of the Fiscal Code."
RO,REDUCED,SUPPLY_WATER,REDUCED_RATE,11.0,The reduced VAT rate is applied for the supply of water for irrigation in agriculture and for water supply and sewerage services. See art. 291 para. (2) letters c) and d) of the Fiscal Code and point 37 para. (13) of the Methodological Norms.
RO,REDUCED,AGRICULTURAL_PRODUCTION,REDUCED_RATE,11.0,"The reduced rate shall be applied for Installation of irrigation/fertigation system in vineyards and orchards, as well as in vegetable growing. For details see art. 291 para. (2) letter e) of the Fiscal Code and point 38 of the Annex to the Order no. 4634/2022."
RO,REDUCED,AGRICULTURAL_PRODUCTION,REDUCED_RATE,11.0,The reduced rate shall be applied for Clearing or cleaning irrigation and/or drainage channels. For details see art. 291 para. (2) letter e) of the Fiscal Code and point 34 of the Annex to the Order no. 4634/2022.
RO,REDUCED,AGRICULTURAL_PRODUCTION,REDUCED_RATE,11.0,"The reduced rate shall be applied for Services to combat soil erosion such as coastal and port construction works, dams, locks and other hydromechanical structures (for the case of water erosion); Flood defense services. For details see art. 291 para. (2) letter e) of the Fiscal Code and point 42 of the Annex to the Order no. 4634/2022, respectively in Order no. 157/2011."
SE,REDUCED,FOODSTUFFS,REDUCED_RATE,6.0,"- Foodstuffs referred to in article 2 in regulation EC no 178/2002 are subject to reduced VAT rate, with the exception for tap water and certain alcoholic beverages, see chapter 9 section 3 in the Swedish VAT Act.
- Goods with CN code 2203 can be subject to reduced VAT rate provided that the alcohol content is maximum 3.5 volume percent. Goods with CN code 28-29, 3201-3206, 3301-3302, 3501-3505, 3507 can be subject to reduced VAT rate if they constitute food additives."
SE,REDUCED,LOAN_LIBRARIES,REDUCED_RATE,6.0,"The reduced rate comprises both supplies on physical means and electronic supplies of books, newspapers etc., please see chapter 9 section 9 and 13 in the Swedish VAT Act (https://www.riksdagen.se/sv/dokument-lagar/dokument/svensk-forfattningssamling/mervardesskattelag-2023200_sfs-2023-200#K9)."
SE,REDUCED,MEDICAL_EQUIPMENT,REDUCED_RATE,6.0,"The reduced rate comprises certain cassette books, cassette magazines and reading aids, please see chapter 9 section 11 and 13 in the Swedish VAT Act (https://www.riksdagen.se/sv/dokument-lagar/dokument/svensk-forfattningssamling/mervardesskattelag-2023200_sfs-2023-200#K9)."
SE,REDUCED,TRANSPORT_PASSENGERS,REDUCED_RATE,6.0,"Domestic transports of passengers are subject to the reduced rate, please see chapter 9 section 8 in the Swedish VAT Act (https://www.riksdagen.se/sv/dokument-lagar/dokument/svensk-forfattningssamling/mervardesskattelag-2023200_sfs-2023-200#K9). International transports of passengers are exempted."
SE,REDUCED,WRITERS_SERVICES,REDUCED_RATE,6.0,"The reduced rate applies to royalties, please see chapter 9 section 16 paragraph 1 in the Swedish VAT Act (https://www.riksdagen.se/sv/dokument-lagar/dokument/svensk-forfattningssamling/mervardesskattelag-2023200_sfs-2023-200#K9). A performing artist`s (actor, musician, dancer, artist) performance of a literary or artistic work is exempt."
SE,REDUCED,CULTURAL_EVENTS,REDUCED_RATE,6.0,"Admission to shows, theatres, circuses, concerts, operas, ballets and similar performances are subject to 6 % VAT. The reduced rate also applies to admission to zoos. However, arrangement of public exhibitions in museums and supplies of items to such exhibitions are exempt if the museum is run by the public sector or is supported by the public sector. Admission to amusement parks and cinemas are subject to the standard VAT rate. Please see chapter 9 section 14 in the Swedish VAT Act."
SE,REDUCED,SPORTING_EVENTS,REDUCED_RATE,6.0,Usually exempted if supplied by a public body or non-profit making organization. The reduced rate is regulated in chapter 9 section 18 in the Swedish VAT Act (https://www.riksdagen.se/sv/dokument-lagar/dokument/svensk-forfattningssamling/mervardesskattelag-2023200_sfs-2023-200#K9).
SE,REDUCED,TAPESTRIES,REDUCED_RATE,12.0,"The reduced rate applies to imports and to supplies made by the artist or the artist’s estate, please see chapter 9 section 6 in the Swedish VAT Act (https://www.riksdagen.se/sv/dokument-lagar/dokument/svensk-forfattningssamling/mervardesskattelag-2023200_sfs-2023-200#K9)."
SE,REDUCED,PICTURES,REDUCED_RATE,12.0,"The reduced rate applies to imports and to supplies made by the artist or the artist’s estate, please see chapter 9 section 6 in the Swedish VAT Act (https://www.riksdagen.se/sv/dokument-lagar/dokument/svensk-forfattningssamling/mervardesskattelag-2023200_sfs-2023-200#K9)."
SE,REDUCED,IMPRESSIONS,REDUCED_RATE,12.0,"The reduced rate applies to imports and to supplies made by the artist or the artist’s estate, please see chapter 9 section 6 in the Swedish VAT Act (https://www.riksdagen.se/sv/dokument-lagar/dokument/svensk-forfattningssamling/mervardesskattelag-2023200_sfs-2023-200#K9)."
SE,REDUCED,SCULPTURE_CASTS,REDUCED_RATE,12.0,"The reduced rate applies to imports and to supplies made by the artist or the artist’s estate, please see chapter 9 section 6 in the Swedish VAT Act (https://www.riksdagen.se/sv/dokument-lagar/dokument/svensk-forfattningssamling/mervardesskattelag-2023200_sfs-2023-200#K9)."
SE,REDUCED,SCULPTURES,REDUCED_RATE,12.0,"The reduced rate applies to imports and to supplies made by the artist or the artist’s estate, please see chapter 9 section 6 in the Swedish VAT Act (https://www.riksdagen.se/sv/dokument-lagar/dokument/svensk-forfattningssamling/mervardesskattelag-2023200_sfs-2023-200#K9)."
SE,REDUCED,POSTAGE,REDUCED_RATE,12.0,"The reduced rate applies to imports, please see chapter 9 section 6, point 2 in the Swedish VAT Act (https://www.riksdagen.se/sv/dokument-lagar/dokument/svensk-forfattningssamling/mervardesskattelag-2023200_sfs-2023-200#K9)."
SE,REDUCED,ZOOLOGICAL,REDUCED_RATE,12.0,"The reduced rate applies to imports, please see chapter 9 section 6, point 2 in the Swedish VAT Act (https://www.riksdagen.se/sv/dokument-lagar/dokument/svensk-forfattningssamling/mervardesskattelag-2023200_sfs-2023-200#K9)."
SE,REDUCED,100_YEARS_OLD,REDUCED_RATE,12.0,"The reduced rate applies to imports, please see chapter 9 section 6, point 2 in the Swedish VAT Act (https://www.riksdagen.se/sv/dokument-lagar/dokument/svensk-forfattningssamling/mervardesskattelag-2023200_sfs-2023-200#K9)."
SE,REDUCED,ACCOMMODATION,REDUCED_RATE,12.0,Please see chapter 9 section 4 in the Swedish VAT Act (https://www.riksdagen.se/sv/dokument-lagar/dokument/svensk-forfattningssamling/mervardesskattelag-2023200_sfs-2023-200#K9).
SE,REDUCED,RESTAURANT,REDUCED_RATE,12.0,Excluding alcoholic beverages. Please see chapter 9 section 5 in the Swedish VAT Act (https://www.riksdagen.se/sv/dokument-lagar/dokument/svensk-forfattningssamling/mervardesskattelag-2023200_sfs-2023-200#K9).
SE,REDUCED,SHOES_REPAIR,REDUCED_RATE,12.0,Please see chapter 9 section 7 in the Swedish VAT Act (https://www.riksdagen.se/sv/dokument-lagar/dokument/svensk-forfattningssamling/mervardesskattelag-2023200_sfs-2023-200#K9).
SE,REDUCED,CLOTHING_REPAIR,REDUCED_RATE,12.0,Please see chapter 9 section 7 in the Swedish VAT Act (https://www.riksdagen.se/sv/dokument-lagar/dokument/svensk-forfattningssamling/mervardesskattelag-2023200_sfs-2023-200#K9).
SI,REDUCED,LOAN_LIBRARIES,REDUCED_RATE,5.0,"Except: supply of material with more than 50 % of space to advertising and music, films, games, including games of chance and lotteries, interactive learning, broadcasting, and events in the fields of politics, culture, art, sports, science, and entertainment
Includes also: electronic provision of services via the Internet or an electronic network to access electronic books, periodicals, electronically updated content"
SI,REDUCED,RESCUE_EQUIPMENT,REDUCED_RATE,5.0,"Supply of typed fire engines, special protective and rescue equipment, and tools for the performance of firefighting tasks, usually intended for use in interventions, which are supplied to public fire services or volunteer firefighting units in firefighting societies. For more information, see articles 59.f to 59.i of the Rules on the Implementation of VATA-1."
SI,REDUCED,FOODSTUFFS,REDUCED_RATE,9.5,"Except: 0301 11 00 & 0301 19 00; 0106: only live rabbits, frogs, roe deer, partridges, pheasants, and other wild fowl; 1207 99 96: only pumpkin seed; 1208 90 00: only crumbled or ground poppy seed; 2501 00 10: only salt; 2501 00 91: only salt; 2530 90 70: only sepiolite; 2923 20 00: only lecithin; 2934 99 90: only acesulfame; 3824 99 96: only dietetic salt; 2106: ex. sugar syrups and prep. for making bev. (2106 90 30-59, 2106 90 98); 2202: ex. bev. cont. added sugar or sweeteners"
SI,REDUCED,AGRICULTURAL_PRODUCTION,REDUCED_RATE,9.5,"Animals for fattening include domestic animals, normally intended for reproduction and breeding within livestock activities and aquaculture activities, including rabbits and bees.
0511 91 90: only inedible fish eggs
Except: 0301 11 00, 0301 19 00, eggs for hatching ornamental birds"
SI,REDUCED,PLANT,REDUCED_RATE,9.5,1209: only ornamental plant seeds
SI,REDUCED,AGRICULTURAL_PRODUCTION,REDUCED_RATE,9.5,"Seeds and seedlings of agricultural and forestry plants placed on the market in accordance with the regulations governing the trade in seeds and seedlings.
Except: 1209 30 00, 1209 99 91"
SI,REDUCED,MEDICAL_EQUIPMENT,REDUCED_RATE,9.5,"Devices for urinary incontinence, urine bags, patient liners, knitted mesh underpants for the installation of incontinence inserts"
SI,REDUCED,PHARMACEUTICAL_PRODUCTS,REDUCED_RATE,9.5,"3002:only antiserums, fractions of blood and  immunological products for treatment; vaccines; toxins; microbiological cultures (except yeasts); viruses, antiviral drugs and bacteriophages; 3822: only diagnostic reagents; 3926 90 97: only sheath contraceptives; 3924 90 00 and 4014 90 00: only menstrual cups;  9018 90 84 
 only intrauterine contraceptive device 
Except: please see Article 49 of the Rules on the implementation of the Valued Added Tax Act"
SI,REDUCED,MEDICAL_EQUIPMENT,REDUCED_RATE,9.5,Breast prosthesis
SI,REDUCED,MEDICAL_EQUIPMENT,REDUCED_RATE,9.5,"Children's tricycle for children with motor impairments, wooden chair for children with motor impairment; therapeutic rollers, therapeutic balls, therapeutic exercise boards and therapeutic pillows for children with motor impairments; room lift and bathroom lift"
SI,REDUCED,MEDICAL_EQUIPMENT,REDUCED_RATE,9.5,"Trolley-driving gloves: stump covers, therapeutic compression stockings if they have a compression ratio of 18 mmHg or more"
SI,REDUCED,TAPESTRIES,REDUCED_RATE,9.5,
SI,REDUCED,MEDICAL_EQUIPMENT,REDUCED_RATE,9.5,Custom-made orthopaedic shoes and temporary shoes intended for use after major operations on the feet
SI,REDUCED,MEDICAL_EQUIPMENT,REDUCED_RATE,9.5,Aids for the blind and partially sighted: spectacles for the correction of vision; spectacle lenses; binoculars for the visually impaired; magnifying glasses for the visually impaired; lenses and Fresnel prisms and accessories for prisms; contact lenses; sticks for the blind
SI,REDUCED,MEDICAL_EQUIPMENT,REDUCED_RATE,9.5,"Blood glucose meters and continuous glucose meters, parts and accessories; diagnostic strips meters; sensors  transmitters for glucose meters; test strips with reagent ; mechanical injectors; needles for injector; trigger device with attached lancet; device for inserting sensors; disposable syringe, needles; diagnostic scanning tapes and tests; lancet; insulin pump, reservoir pump; infusion set for insulin pump; threaded push rod; puncture set; pumps as part of an insulin dosing device"
SI,REDUCED,MEDICAL_EQUIPMENT,REDUCED_RATE,9.5,"Comments:
Including: parts and accessories of the products if they are classified under the same tariff code as the product and the maintenance and repair of the products
Except: please see Article 50 of the Rules on the implementation of the Valued Added Tax Act

Wheelchairs and parts and accessories for wheelchairs"
SI,REDUCED,DOMESTIC_CARE,REDUCED_RATE,9.5,
SI,REDUCED,CULTURAL_EVENTS,REDUCED_RATE,9.5,"In the VATA-1 and the Rules on the Implementation of VATA-1, there is only a descriptive name of services without exact determination by CPA codes."
SI,REDUCED,WRITERS_SERVICES,REDUCED_RATE,9.5,
SI,REDUCED,SPORTING_EVENTS,REDUCED_RATE,9.5,"In the VATA-1 and the Rules on the Implementation of VATA-1, there is only a descriptive name of services without exact determination by CN and/or CPA codes."
SI,REDUCED,SHOES_REPAIR,REDUCED_RATE,9.5,
SI,REDUCED,CLOTHING_REPAIR,REDUCED_RATE,9.5,
SI,REDUCED,HOUSING_PROVISION,REDUCED_RATE,9.5,"Housing is part of social policy if it does not exceed 120 m2 in a multi-apartment building or 250 m2 in a single-apartment building, of the usable area of the residential building"
SI,REDUCED,STREET_CLEANING,REDUCED_RATE,9.5,
SI,REDUCED,BICYCLES_RENTAL,REDUCED_RATE,9.5,Only minor bicycle repairs
SI,REDUCED,HAIRDRESSING,REDUCED_RATE,9.5,
SI,REDUCED,UNDERTAKERS_SERVICES,REDUCED_RATE,9.5,"Includes only: burial and cremation; preparing the dead for burial or cremation and embalming, and the services of gravediggers; preparation of funeral and cremation rites; rental of equipped premises and mortuaries; transport of deceased, supply of goods directly related to funeral services, provided by the provider of these services."
SI,REDUCED,PICTURES,REDUCED_RATE,9.5,
SI,REDUCED,IMPRESSIONS,REDUCED_RATE,9.5,
SI,REDUCED,PHOTOGRAPHS,REDUCED_RATE,9.5,"In the VATA-1 and the Rules on the Implementation of VATA-1, there exists only a descriptive name of services without exact determination by CN and/or CPA codes."
SI,REDUCED,SCULPTURES,REDUCED_RATE,9.5,
SI,REDUCED,SCULPTURE_CASTS,REDUCED_RATE,9.5,
SI,REDUCED,CERAMICS,REDUCED_RATE,9.5,"In the VATA-1 and the Rules on the Implementation of VATA-1, there exists only a descriptive name of services without exact determination by CN and/or CPA codes."
SI,REDUCED,AGRICULTURAL_PRODUCTION,REDUCED_RATE,9.5,"Crop production services, crop preparation services, seed treatment services, livestock services, forestry services except forestry consultancy, forest cultivation and protection services, and logging services, services for fisheries and aquaculture, veterinary services for fattening animals"
SI,REDUCED,MEDICAL_EQUIPMENT,REDUCED_RATE,9.5,"Stoma accessories: bags cut into shapes for colostomy, ileostomy and urostomy; adhesive leather linings or tiles; leather putties and adhesives; bags fort the small intestine, large intestine, or urinary tract; adapters; adapters in combination with various bags"
SI,REDUCED,MEDICAL_EQUIPMENT,REDUCED_RATE,9.5,"Probes (rectal, duodenal, nutritional, and gastric), cannulas and catheters, including accessories and parts suitable for use solely with these products"
SI,REDUCED,MEDICAL_EQUIPMENT,REDUCED_RATE,9.5,Electrical stimulators for faecal and urinary incontinence and musculoskeletal stimulators
SI,REDUCED,MEDICAL_EQUIPMENT,REDUCED_RATE,9.5,Breathing apparatus; maximum expiratory flow meter (PEF) for monitoring lung disease
SI,REDUCED,ENAMELS,REDUCED_RATE,9.5,"In the VATA-1 and the Rules on the Implementation of VATA-1, there exists only a descriptive name of services without exact determination by CN and/or CPA codes."
SI,REDUCED,POSTAGE,REDUCED_RATE,9.5,
SI,REDUCED,ZOOLOGICAL,REDUCED_RATE,9.5,
SI,REDUCED,100_YEARS_OLD,REDUCED_RATE,9.5,
SI,REDUCED,SUPPLY_WATER,REDUCED_RATE,9.5,
SI,REDUCED,TRANSPORT_PASSENGERS,REDUCED_RATE,9.5,
SI,REDUCED,ACCOMMODATION,REDUCED_RATE,9.5,
SI,REDUCED,RESTAURANT,REDUCED_RATE,9.5,"Applies to the preparation of meals, supply of alcoholic and non-alcoholic beverages excluded."
SI,REDUCED,WINDOW_CLEANING,REDUCED_RATE,9.5,81.22 - only windows cleaning; 81.21 - only cleaning of private households
SI,REDUCED,MEDICAL_EQUIPMENT,REDUCED_RATE,9.5,Gels for use in childbirth
SI,REDUCED,AGRICULTURAL_PRODUCTION,REDUCED_RATE,9.5,Fertilizers
SI,REDUCED,MEDICAL_EQUIPMENT,REDUCED_RATE,9.5,"Orthopaedic appliances, including crutches, surgical and hernia belts; braces and other fracture
aids; artificial body parts; hearing aids and other appliances worn on the body or incorporated into the body to remedy a defect or disability"
SK,REDUCED,FOODSTUFFS,REDUCED_RATE,19.0,All foodstuffs except the selected items taxed at 5 % rate and selected foods with increased sugar and salt content. These are goods primarily intended for human consumption or for the production of goods suitable for human consumption.
SK,REDUCED,SUPPLY_ELECTRICITY,REDUCED_RATE,19.0,Reduced VAT rate on electricity.
SK,REDUCED,RESTAURANT,REDUCED_RATE,19.0,Reduced VAT rate on restaurant services (only non-alcoholic beverages). Alcoholic beverages in restaurants to be taxed at a standard rate of 23 %.
SK,REDUCED,FOODSTUFFS,REDUCED_RATE,5.0,"Only selected items - fresh or chilled meat, live fish, fresh or chilled fish, milk, butter, bread and other selected foodstuffs (inluding gluten-free pastries, flour and bread). List can be found in Annex 7 of Act No. 222/2004 Coll. on Value Added Tax as amended via the following link https://www.mfsr.sk/en/taxes-customs-accounting/indirect-taxes/vat/"
SK,REDUCED,PHARMACEUTICAL_PRODUCTS,REDUCED_RATE,5.0,"Only selected items.
Exhaustive list can be found in Annex 7 of Act No. 222/2004 Coll. on Value Added Tax as amended via the following link https://www.mfsr.sk/en/taxes-customs-accounting/indirect-taxes/vat/"
SK,REDUCED,MEDICAL_EQUIPMENT,REDUCED_RATE,5.0,"Only selected items.
Exhaustive list can be found in Annex 7 of Act No. 222/2004 Coll. on Value Added Tax as amended via the following link https://www.mfsr.sk/en/taxes-customs-accounting/indirect-taxes/vat/"
SK,REDUCED,NEWSPAPERS,REDUCED_RATE,5.0,"Printed books, brochures, leaflets and similar printed products, except books, brochures, leaflets and similar printed products, in which advertising and advertising represent, individually or together, more than 50% of the total content of the product. Exhaustive list can be found in Annex 7 of Act No. 222/2004 Coll. on Value Added Tax as amended via the following link https://www.mfsr.sk/en/taxes-customs-accounting/indirect-taxes/vat/"
SK,REDUCED,HOUSING_PROVISION,REDUCED_RATE,5.0,"Construction of state-supported rental housing within the framework of the state's social policy (includes: delivery of a building or part of a building, including the construction land on which the building or part of the building stands, renovation and reconstruction of the building or part of the building, including construction and assembly work on the building)."
SK,REDUCED,ACCOMMODATION,REDUCED_RATE,5.0,Accommodation and similar establishments as defined by NACE 55 code. The specific legal definition can be found in Annex 7a of Act No. 222/2004 Coll. on Value Added Tax. The change has been effective as of 1 January 2019. Exhaustive list can be found in Annex 7a of Act No. 222/2004 Coll. on Value Added Tax as amended via the following link https://www.mfsr.sk/en/taxes-customs-accounting/indirect-taxes/vat/
SK,REDUCED,RESTAURANT,REDUCED_RATE,5.0,Reduced VAT rate on restaurant and catering services (only food provided).
SK,REDUCED,SOCIAL_WELLBEING,REDUCED_RATE,5.0,"Supply of goods and services by organisations recognised as being devoted to social wellbeing by Member States and engaged in welfare or social security work, in so far as those transactions are not exempt pursuant to Articles 132, 135 and 136. (Act No. 112/2018)"
SK,REDUCED,CULTURAL_EVENTS,REDUCED_RATE,5.0,"Production and performance of performing arts, operation of artistic venues – admission to theatrical performances, puppet theatre shows, opera, ballet, musicals, or other similar cultural performances, and services related to the operation of museums."
SK,REDUCED,ADMISSION_SPORTING_EVENTS,REDUCED_RATE,5.0,Operation of sports facilities – only services related to admission to sports events.
SK,REDUCED,SPORTING_EVENTS,REDUCED_RATE,5.0,Reduced rate only on fitness facilities/centres services.
XI,REDUCED,SUPPLY_GAS,EXEMPTED,0.0,"Exemption with right to deduct the input VAT.
Applies to domestic fuel and power."
XI,REDUCED,SUPPLY_ELECTRICITY,EXEMPTED,0.0,"Exemption with right to deduct the input VAT.
Applies to domestic fuel and power."
XI,REDUCED,PHARMACEUTICAL_PRODUCTS,REDUCED_RATE,5.0,CN 3926909760 - Sheath contraceptives of polyurethane are subject to VAT 5%
XI,REDUCED,PHARMACEUTICAL_PRODUCTS,REDUCED_RATE,5.0,
